fecha_documento,monto,moneda,glosa,centro_costo,referencia,cuenta_contable
2026-06-16,1249102.0,CLP,Nota de debito - Costo de Ventas,CC-005,DOC-001801,5101
2026-06-05,-1761388.0,CLP,Pago a proveedor - Impuestos por Pagar,CC-004,DOC-001190,2102
2026-06-22,215745.0,CLP,Nota de credito - Ventas,CC-002,DOC-001817,4101
2026-08-01,-380354.0,CLP,Cobro cliente - Prestamos Bancarios,CC-008,DOC-000251,2201
2026-08-04,-1650375.0,CLP,Cobro cliente - Gastos de Venta,CC-008,DOC-002505,5103
2025-12-19,-2701125.0,CLP,Ajuste contable - Impuestos por Pagar,CC-007,DOC-001117,2102
2026-08-09,-1811864.0,CLP,Pago a proveedor - Gastos de Venta,CC-001,DOC-001411,5103
2026-06-24,-1977511.0,CLP,Regularizacion - Capital,CC-003,DOC-002113,3101
2026-05-30,-2558006.0,CLP,Nota de debito - Ventas,CC-001,DOC-000408,4101
2026-07-31,2928154.0,USD,Nota de credito - Clientes,CC-005,DOC-002579,1201
2026-08-10,318269.0,CLP,Regularizacion - Costo de Ventas,CC-004,DOC-002254,5101
2026-08-07,542185.0,USD,Nota de debito - Clientes,CC-007,DOC-000052,1201
2026-07-25,2706444.0,CLP,Pago a proveedor - Bancos,CC-007,DOC-000644,1102
2026-07-25,1991902.0,CLP,Pago a proveedor - Costo de Ventas,CC-002,DOC-001763,5101
2026-08-06,1325721.0,USD,Devolucion - Proveedores,CC-005,DOC-002776,2101
2025-10-31,2334097.0,CLP,Transferencia interna - Clientes,CC-002,DOC-000900,1201
2026-02-22,-366203.0,CLP,Nomina - Prestamos Bancarios,CC-005,DOC-001073,2201
2026-05-30,2845364.0,CLP,Nota de debito - Costo de Ventas,CC-008,DOC-000472,5101
2026-07-02,996435.0,CLP,Pago a proveedor - Inventario,CC-001,DOC-002738,1301
2026-07-21,-2484164.0,CLP,Devolucion - Impuestos por Pagar,CC-001,DOC-002546,2102
2026-07-03,2795609.0,CLP,Ajuste contable - Gastos Administrativos,CC-005,DOC-000044,5102
2026-07-29,1242838.0,CLP,Cobro cliente - Gastos Administrativos,CC-003,DOC-000289,5102
2026-07-16,1129720.0,CLP,Transferencia interna - Inventario,CC-008,DOC-000912,1301
2026-06-25,-2917097.0,CLP,Nota de debito - Gastos de Venta,CC-002,DOC-002083,5103
2026-06-27,-736458.0,USD,Regularizacion - Gastos de Venta,CC-001,DOC-001360,5103
2026-06-19,-322083.0,CLP,Anticipo - Impuestos por Pagar,CC-003,DOC-002895,2102
2026-02-16,1084147.0,CLP,Transferencia interna - Gastos de Venta,CC-003,DOC-002603,5103
2026-05-21,2684758.0,CLP,Cobro cliente - Costo de Ventas,CC-003,DOC-001226,5101
2026-07-27,995399.0,CLP,Nota de credito - Proveedores,CC-003,DOC-000296,2101
2025-10-19,-2568041.0,CLP,Pago a proveedor - Prestamos Bancarios,CC-005,DOC-001241,2201
2026-05-27,-140130.0,CLP,Pago de servicios - Impuestos por Pagar,CC-001,DOC-001005,2102
2026-06-26,2850008.0,USD,Devolucion - Bancos,CC-008,DOC-001665,1102
2026-06-16,-1252483.0,CLP,Nota de debito - Impuestos por Pagar,CC-004,DOC-000746,2102
2026-08-06,74046.0,CLP,Provision mensual - Proveedores,CC-008,DOC-002851,2101
2026-07-05,966897.0,CLP,Nota de debito - Gastos Administrativos,CC-002,DOC-000291,5102
2026-05-29,-1783448.0,CLP,Nota de credito - Prestamos Bancarios,CC-001,DOC-000781,2201
2026-07-08,2633954.0,CLP,Transferencia interna - Bancos,CC-007,DOC-002144,1102
2026-04-10,-1672371.0,CLP,Nota de credito - Prestamos Bancarios,CC-003,DOC-000322,2201
2026-07-30,-1205496.0,CLP,Ajuste contable - Prestamos Bancarios,CC-008,DOC-000298,2201
2026-06-30,54808.0,CLP,Pago a proveedor - Caja,CC-006,DOC-001298,1101
2026-06-28,-668608.0,CLP,Cobro cliente - Prestamos Bancarios,CC-002,DOC-000194,2201
2026-08-10,-915105.0,CLP,Nota de debito - Prestamos Bancarios,CC-006,DOC-000063,2201
2026-01-19,879809.0,CLP,Regularizacion - Costo de Ventas,CC-005,DOC-000393,5101
2026-06-01,466624.0,CLP,Pago de servicios - Ventas,CC-002,DOC-000727,4101
2026-07-11,-2525954.0,CLP,Anticipo - Capital,CC-008,DOC-001583,3101
2026-07-15,1046161.0,CLP,Anticipo - Inventario,CC-005,DOC-001547,1301
2025-08-31,1324745.0,CLP,Pago a proveedor - Proveedores,CC-008,DOC-002425,2101
2026-07-24,-1531031.0,CLP,Pago a proveedor - Impuestos por Pagar,CC-002,DOC-000014,2102
2026-01-04,2004791.0,CLP,Pago de servicios - Costo de Ventas,CC-003,DOC-002567,5101
2026-06-15,2038153.0,CLP,Nota de credito - Inventario,CC-003,DOC-001600,1301
2026-06-12,448756.0,CLP,Cobro cliente - Bancos,CC-003,DOC-001090,1102
2026-08-05,2621195.0,CLP,Nomina - Caja,CC-008,DOC-002111,1101
2026-06-28,2947245.0,CLP,Devolucion - Caja,CC-003,DOC-000203,1101
2026-07-02,2550042.0,CLP,Pago a proveedor - Costo de Ventas,CC-001,DOC-002418,5101
2026-07-23,-2263684.0,CLP,Devolucion - Capital,CC-007,DOC-000152,3101
2026-07-30,2938083.0,CLP,Transferencia interna - Bancos,CC-001,DOC-002901,1102
2026-02-03,-2733105.0,CLP,Nota de credito - Prestamos Bancarios,CC-007,DOC-001359,2201
2026-07-21,955901.0,CLP,Nota de credito - Gastos Administrativos,CC-002,DOC-000772,5102
2026-03-28,402440.0,CLP,Nota de debito - Clientes,CC-006,DOC-002678,1201
2026-02-10,-1672216.0,CLP,Compra de mercaderia - Capital,CC-003,DOC-001001,3101
2026-06-24,-2313537.0,CLP,Devolucion - Gastos de Venta,CC-006,DOC-000718,5103
2026-05-31,428415.0,CLP,Anticipo - Caja,CC-007,DOC-000612,1101
2026-06-14,1596111.0,CLP,Anticipo - Clientes,CC-008,DOC-000842,1201
2026-06-21,1518806.0,USD,Provision mensual - Caja,CC-006,DOC-000266,1101
2026-06-19,-2921642.0,CLP,Provision mensual - Impuestos por Pagar,CC-003,DOC-000051,2102
2026-05-23,-643350.0,CLP,Pago de servicios - Gastos de Venta,CC-007,DOC-001195,5103
2026-06-25,-1197742.0,CLP,Transferencia interna - Capital,CC-007,DOC-001270,3101
2026-08-04,2404988.0,CLP,Ajuste contable - Costo de Ventas,CC-007,DOC-001491,5101
2026-06-15,1175188.0,USD,Compra de mercaderia - Caja,CC-007,DOC-001582,1101
2026-06-13,-759736.0,CLP,Devolucion - Prestamos Bancarios,CC-007,DOC-000521,2201
2025-10-29,-275307.0,USD,Nota de debito - Gastos de Venta,CC-002,DOC-001694,5103
2026-07-11,2693735.0,CLP,Provision mensual - Proveedores,CC-002,DOC-002663,2101
2026-08-10,-546893.0,USD,Cobro cliente - Gastos de Venta,CC-003,DOC-002748,5103
2026-08-05,-1147598.0,CLP,Transferencia interna - Proveedores,CC-007,DOC-001921,2101
2026-07-19,910291.0,CLP,Pago a proveedor - Proveedores,CC-001,DOC-000102,2101
2026-06-22,931565.0,CLP,Compra de mercaderia - Bancos,CC-008,DOC-000695,1102
2026-05-14,194488.0,USD,Transferencia interna - Gastos Administrativos,CC-007,DOC-002332,5102
2025-10-22,867098.0,CLP,Provision mensual - Caja,CC-005,DOC-002724,1101
2026-07-30,1062954.0,CLP,Provision mensual - Bancos,CC-005,DOC-002272,1102
2026-06-11,-1686649.0,CLP,Nota de debito - Gastos de Venta,CC-008,DOC-002482,5103
2026-05-24,2267851.0,USD,Compra de mercaderia - Costo de Ventas,CC-007,DOC-001842,5101
2026-06-09,-1946888.0,CLP,Transferencia interna - Ventas,CC-007,DOC-001830,4101
2026-07-11,654537.0,CLP,Transferencia interna - Costo de Ventas,CC-007,DOC-000794,5101
2026-07-28,-442221.0,CLP,Anticipo - Prestamos Bancarios,CC-002,DOC-001820,2201
2026-06-01,2892709.0,CLP,Nomina - Ventas,CC-001,DOC-002001,4101
2026-07-16,-2998124.0,CLP,Cobro cliente - Capital,CC-004,DOC-000144,3101
2025-12-07,600524.0,CLP,Nota de credito - Gastos Administrativos,CC-004,DOC-002525,5102
2026-05-29,1441098.0,CLP,Cobro cliente - Caja,CC-003,DOC-001330,1101
2026-06-13,327030.0,CLP,Provision mensual - Bancos,CC-002,DOC-002477,1102
2026-08-03,469721.0,CLP,Nota de debito - Inventario,CC-006,DOC-002881,1301
2026-05-16,2456056.0,CLP,Ajuste contable - Costo de Ventas,CC-004,DOC-000321,5101
2026-05-20,118531.0,USD,Anticipo - Clientes,CC-008,DOC-001261,1201
2026-07-30,-2351885.0,CLP,Nomina - Prestamos Bancarios,CC-006,DOC-002414,2201
2026-07-05,1731383.0,USD,Provision mensual - Costo de Ventas,CC-005,DOC-001269,5101
2026-07-10,-761461.0,CLP,Devolucion - Gastos de Venta,CC-007,DOC-001760,5103
2026-07-03,415702.0,CLP,Nota de debito - Bancos,CC-003,DOC-000416,1102
2026-05-31,-387917.0,CLP,Ajuste contable - Capital,CC-006,DOC-002631,3101
2026-08-05,1410323.0,CLP,Regularizacion - Bancos,CC-002,DOC-002291,1102
2025-09-21,-1199197.0,CLP,Pago de servicios - Prestamos Bancarios,CC-007,DOC-000174,2201
2026-05-27,-1816302.0,USD,Nota de credito - Impuestos por Pagar,CC-008,DOC-001725,2102
2026-07-05,1292259.0,CLP,Anticipo - Costo de Ventas,CC-005,DOC-002175,5101
2026-06-01,470566.0,CLP,Provision mensual - Bancos,CC-006,DOC-000045,1102
2026-05-31,-1674687.0,CLP,Nomina - Proveedores,CC-002,DOC-000685,2101
2026-07-09,1174327.0,CLP,Ajuste contable - Proveedores,CC-005,DOC-001607,2101
2026-05-12,1996054.0,CLP,Compra de mercaderia - Proveedores,CC-004,DOC-001231,2101
2026-07-19,787452.0,CLP,Transferencia interna - Gastos Administrativos,CC-003,DOC-000862,5102
2026-07-29,-1573982.0,CLP,Anticipo - Impuestos por Pagar,CC-001,DOC-001965,2102
2026-05-12,617517.0,USD,Regularizacion - Inventario,CC-006,DOC-000331,1301
2026-06-12,-1711700.0,CLP,Pago de servicios - Capital,CC-001,DOC-000093,3101
2026-07-06,-782325.0,CLP,Provision mensual - Capital,CC-003,DOC-001641,3101
2025-11-30,1725703.0,CLP,Pago de servicios - Bancos,CC-003,DOC-000944,1102
2026-05-29,-1828842.0,CLP,Compra de mercaderia - Prestamos Bancarios,CC-007,DOC-000506,2201
2026-08-10,2078606.0,CLP,Provision mensual - Inventario,CC-005,DOC-002909,1301
2026-06-22,964613.0,CLP,Transferencia interna - Caja,CC-004,DOC-002045,1101
2025-09-28,-1397849.0,CLP,Compra de mercaderia - Capital,CC-001,DOC-000495,3101
2026-06-09,2278353.0,CLP,Compra de mercaderia - Caja,CC-002,DOC-002132,1101
2026-07-06,738451.0,CLP,Cobro cliente - Gastos Administrativos,CC-002,DOC-000000,5102
2026-06-21,1588883.0,CLP,Provision mensual - Clientes,CC-001,DOC-000314,1201
2026-07-03,-1787574.0,CLP,Nota de credito - Prestamos Bancarios,CC-003,DOC-001272,2201
2026-05-28,935030.0,CLP,Devolucion - Caja,CC-005,DOC-001941,1101
2026-06-12,447492.0,CLP,Compra de mercaderia - Ventas,CC-007,DOC-001020,4101
2026-06-08,878028.0,USD,Pago a proveedor - Gastos Administrativos,CC-006,DOC-001316,5102
2026-06-27,-1850582.0,CLP,Ajuste contable - Proveedores,CC-008,DOC-000755,2101
2026-08-01,1043867.0,CLP,Anticipo - Costo de Ventas,CC-001,DOC-001770,5101
2026-07-24,1139874.0,CLP,Cobro cliente - Caja,CC-006,DOC-001200,1101
2026-07-15,-124612.0,CLP,Cobro cliente - Gastos de Venta,CC-006,DOC-002174,5103
2026-07-27,480977.0,CLP,Cobro cliente - Bancos,CC-003,DOC-001991,1102
2026-07-16,-1832854.0,CLP,Transferencia interna - Capital,CC-002,DOC-000879,3101
,-124058.0,CLP,Transferencia interna - Ventas,CC-007,DOC-000765,4101
2026-05-13,-2838556.0,CLP,Nota de debito - Prestamos Bancarios,CC-004,DOC-000927,2201
2026-08-06,2171466.0,USD,Nota de debito - Caja,CC-008,DOC-002377,1101
2026-05-15,-2144391.0,CLP,Nota de debito - Capital,CC-007,DOC-001374,3101
2026-07-10,2052595.0,CLP,Provision mensual - Costo de Ventas,CC-003,DOC-001814,5101
2026-07-20,2020593.0,CLP,Pago a proveedor - Inventario,CC-002,DOC-001798,1301
2026-06-25,1398732.0,CLP,Pago de servicios - Caja,CC-003,DOC-000929,1101
2026-03-20,2683334.0,CLP,Cobro cliente - Clientes,CC-004,DOC-000436,1201
2026-07-16,524630.0,CLP,Nota de debito - Bancos,CC-002,DOC-000196,1102
2026-06-20,1781263.0,CLP,Compra de mercaderia - Proveedores,CC-004,DOC-001762,2101
2026-07-23,-375344.0,CLP,Compra de mercaderia - Capital,CC-003,DOC-001064,3101
2026-07-31,1020640.0,CLP,Compra de mercaderia - Inventario,CC-005,DOC-002342,1301
2026-07-22,351101.0,CLP,Devolucion - Caja,CC-008,DOC-002528,1101
2026-07-02,-496656.0,CLP,Nomina - Prestamos Bancarios,CC-003,DOC-001268,2201
2026-05-20,1767936.0,CLP,Provision mensual - Bancos,CC-002,DOC-002323,1102
2026-07-23,770901.0,CLP,Devolucion - Bancos,CC-003,DOC-002779,1102
2026-06-04,471017.0,CLP,Nota de credito - Gastos Administrativos,CC-005,DOC-002225,5102
2026-06-21,2103673.0,CLP,Compra de mercaderia - Proveedores,CC-004,DOC-000450,2101
,2010705.0,CLP,Nota de debito - Proveedores,CC-003,DOC-002164,2101
2026-08-03,2979412.0,CLP,Provision mensual - Proveedores,CC-004,DOC-002372,2101
2026-07-17,1707318.0,USD,Nota de credito - Inventario,CC-006,DOC-002012,1301
2026-06-14,2294390.0,CLP,Anticipo - Bancos,CC-002,DOC-000270,1102
2026-07-29,1629395.0,CLP,Transferencia interna - Bancos,CC-005,DOC-001840,1102
2026-05-30,2318594.0,CLP,Transferencia interna - Ventas,CC-008,DOC-002934,4101
2026-08-03,1409902.0,USD,Pago a proveedor - Gastos Administrativos,CC-002,DOC-000978,5102
2026-07-26,2175155.0,CLP,Devolucion - Costo de Ventas,CC-004,DOC-002166,5101
2026-05-24,-2864801.0,CLP,Nota de debito - Impuestos por Pagar,CC-006,DOC-000354,2102
2026-08-02,985746.0,CLP,Provision mensual - Clientes,CC-004,DOC-001876,1201
2026-06-24,-938354.0,CLP,Anticipo - Capital,CC-002,DOC-000184,3101
2026-05-27,2314343.0,CLP,Nomina - Clientes,CC-001,DOC-002744,1201
2026-04-20,316663.0,CLP,Provision mensual - Clientes,CC-006,DOC-001614,1201
2026-08-03,759626.0,CLP,Transferencia interna - Gastos Administrativos,CC-005,DOC-002759,5102
2026-08-07,-1195059.0,CLP,Pago de servicios - Capital,CC-008,DOC-001706,3101
2026-07-22,-2622482.0,CLP,Regularizacion - Gastos de Venta,CC-002,DOC-001861,5103
2026-06-14,522106.0,CLP,Cobro cliente - Clientes,CC-006,DOC-000246,1201
2026-05-16,941558.0,CLP,Nota de debito - Proveedores,CC-001,DOC-000555,2101
2026-06-26,1738195.0,CLP,Transferencia interna - Proveedores,CC-003,DOC-001752,2101
2026-07-04,797929.0,CLP,Nomina - Proveedores,CC-004,DOC-001364,2101
2026-05-22,-1729134.0,CLP,Nomina - Capital,CC-008,DOC-000067,3101
2026-05-29,906893.0,CLP,Regularizacion - Costo de Ventas,CC-005,DOC-002618,5101
2026-08-01,-2925513.0,CLP,Transferencia interna - Impuestos por Pagar,CC-005,DOC-002284,2102
2026-07-26,1414257.0,CLP,Anticipo - Costo de Ventas,CC-002,DOC-000532,5101
2026-07-31,-222075.0,USD,Regularizacion - Prestamos Bancarios,CC-006,DOC-002873,2201
2026-08-02,1407475.0,CLP,Nota de debito - Inventario,CC-006,DOC-002705,1301
2026-05-21,-2725366.0,CLP,Ajuste contable - Prestamos Bancarios,CC-005,DOC-001502,2201
2026-05-13,1855805.0,CLP,Devolucion - Caja,CC-001,DOC-000761,1101
2026-05-14,2918572.0,CLP,Nota de credito - Costo de Ventas,CC-002,DOC-002752,5101
2026-06-28,-1281177.0,CLP,Nomina - Capital,CC-006,DOC-001211,3101
2026-06-14,-1079462.0,CLP,Nota de credito - Gastos de Venta,CC-007,DOC-002243,5103
2026-08-05,-1815845.0,CLP,Compra de mercaderia - Proveedores,CC-001,DOC-001793,2101
2026-02-08,2337929.0,CLP,Devolucion - Clientes,CC-003,DOC-000535,1201
2026-05-13,-262855.0,USD,Cobro cliente - Capital,CC-002,DOC-001746,3101
2026-07-10,1943599.0,CLP,Regularizacion - Costo de Ventas,CC-008,DOC-000463,5101
2026-05-30,-1366140.0,CLP,Nota de credito - Capital,CC-004,DOC-002677,3101
2026-08-04,959981.0,CLP,Cobro cliente - Ventas,CC-008,DOC-001839,4101
2026-06-10,2172020.0,CLP,Anticipo - Clientes,CC-005,DOC-002862,1201
2025-10-15,-284162.0,USD,Transferencia interna - Ventas,CC-002,DOC-000124,4101
2026-07-05,-1803228.0,CLP,Provision mensual - Gastos de Venta,CC-003,DOC-000178,5103
2026-07-04,-349944.0,CLP,Nota de debito - Gastos de Venta,CC-008,DOC-000192,5103
2026-07-23,853921.0,CLP,Nota de debito - Bancos,CC-001,DOC-002307,1102
2026-05-14,2434820.0,CLP,Pago de servicios - Ventas,CC-001,DOC-001429,4101
2026-06-17,-1199045.0,USD,Compra de mercaderia - Prestamos Bancarios,CC-008,DOC-001691,2201
2025-12-21,-2757741.0,CLP,Anticipo - Impuestos por Pagar,CC-003,DOC-000741,2102
2026-08-04,2073594.0,CLP,Regularizacion - Gastos de Venta,CC-007,DOC-001034,5103
2026-06-24,290994.0,USD,Pago a proveedor - Ventas,CC-001,DOC-001966,4101
2026-05-31,2082213.0,USD,Nota de debito - Clientes,CC-006,DOC-000478,1201
2026-07-30,-1193701.0,CLP,Ajuste contable - Impuestos por Pagar,CC-004,DOC-001027,2102
2026-06-11,2160545.0,CLP,Pago de servicios - Bancos,CC-003,DOC-002601,1102
2026-06-09,2903450.0,CLP,Compra de mercaderia - Gastos de Venta,CC-007,DOC-000368,5103
2026-06-27,2506376.0,CLP,Provision mensual - Bancos,CC-002,DOC-002523,1102
2026-08-03,1110823.0,CLP,Pago a proveedor - Clientes,CC-001,DOC-000845,1201
2026-07-22,517746.0,CLP,Anticipo - Costo de Ventas,CC-006,DOC-000256,5101
2025-11-11,-1022768.0,CLP,Nomina - Gastos de Venta,CC-005,DOC-001222,5103
2026-07-09,2866175.0,CLP,Compra de mercaderia - Ventas,CC-005,DOC-001992,4101
2026-06-09,-580056.0,USD,Ajuste contable - Impuestos por Pagar,CC-002,DOC-000211,2102
2025-10-19,-662574.0,CLP,Compra de mercaderia - Gastos de Venta,CC-001,DOC-002689,5103
2026-07-11,-963863.0,CLP,Nota de credito - Prestamos Bancarios,CC-003,DOC-001949,2201
2026-03-04,1543485.0,USD,Nomina - Clientes,CC-008,DOC-001362,1201
2026-06-02,2576785.0,CLP,Regularizacion - Ventas,CC-003,DOC-002151,4101
2026-07-13,2484787.0,CLP,Nota de debito - Gastos Administrativos,CC-007,DOC-002153,5102
2026-05-20,-1139020.0,CLP,Transferencia interna - Ventas,CC-008,DOC-000567,4101
2026-04-29,-947063.0,CLP,Pago a proveedor - Prestamos Bancarios,CC-004,DOC-002206,2201
2026-07-08,1180934.0,CLP,Transferencia interna - Inventario,CC-001,DOC-002093,1301
2026-05-26,-1222570.0,CLP,Nota de credito - Impuestos por Pagar,CC-004,DOC-001710,2102
2026-08-07,690885.0,CLP,Pago de servicios - Gastos Administrativos,CC-004,DOC-001263,5102
2026-07-28,-681315.0,CLP,Nota de credito - Gastos de Venta,CC-004,DOC-002123,5103
2026-05-13,1786932.0,CLP,Ajuste contable - Costo de Ventas,CC-008,DOC-000798,5101
2026-07-24,2601220.0,CLP,Compra de mercaderia - Bancos,CC-007,DOC-000080,1102
2026-06-02,2508903.0,USD,Nota de debito - Caja,CC-004,DOC-000032,1101
2026-05-15,1337975.0,CLP,Pago de servicios - Costo de Ventas,CC-002,DOC-000414,5101
2026-07-14,1257449.0,CLP,Pago de servicios - Ventas,CC-002,DOC-001804,4101
2026-07-02,-2766346.0,CLP,Cobro cliente - Impuestos por Pagar,CC-003,DOC-002213,2102
2025-07-18,2598237.0,CLP,Nota de credito - Clientes,CC-005,DOC-001321,1201
2026-07-23,2987763.0,CLP,Anticipo - Bancos,CC-002,DOC-001567,1102
2025-10-25,-1550799.0,CLP,Compra de mercaderia - Gastos de Venta,CC-008,DOC-000783,5103
2026-08-06,2171466.0,USD,Nota de debito - Caja,CC-008,DOC-002377,1101
2026-03-30,806631.0,USD,Anticipo - Clientes,CC-001,DOC-001412,1201
2026-04-10,2491965.0,USD,Ajuste contable - Clientes,CC-004,DOC-000457,1201
2026-07-04,-1078598.0,CLP,Provision mensual - Impuestos por Pagar,CC-007,DOC-000139,2102
2026-06-18,-1701886.0,CLP,Provision mensual - Prestamos Bancarios,CC-003,DOC-002230,2201
2026-05-20,2558300.0,USD,Transferencia interna - Gastos Administrativos,CC-001,DOC-001025,5102
2026-07-03,2551628.0,CLP,Cobro cliente - Bancos,CC-001,DOC-000088,1102
2026-05-25,2525930.0,CLP,Pago de servicios - Gastos de Venta,CC-007,DOC-001442,5103
2026-08-02,1030389.0,CLP,Provision mensual - Caja,CC-003,DOC-001831,1101
,271623.0,CLP,Devolucion - Ventas,CC-001,DOC-002576,4101
2026-01-16,1041339.0,USD,Compra de mercaderia - Clientes,CC-002,DOC-000254,1201
2026-08-07,-1380380.0,CLP,Pago a proveedor - Gastos de Venta,CC-003,DOC-000605,5103
2026-06-30,2399588.0,CLP,Nomina - Clientes,CC-006,DOC-001044,1201
2026-06-14,951604.0,USD,Nota de credito - Bancos,CC-001,DOC-000568,1102
2026-08-07,2599085.0,CLP,Nota de debito - Gastos Administrativos,CC-006,DOC-001732,5102
2026-06-10,2790905.0,CLP,Pago de servicios - Caja,CC-003,DOC-002542,1101
2026-06-11,-1724026.0,CLP,Pago de servicios - Capital,CC-005,DOC-000857,3101
2026-06-09,1559210.0,USD,Regularizacion - Caja,CC-006,DOC-002472,1101
2026-07-03,-652339.0,CLP,Cobro cliente - Capital,CC-006,DOC-000817,3101
2026-05-21,965492.0,CLP,Nota de debito - Gastos Administrativos,CC-002,DOC-002030,5102
2026-06-17,2973056.0,CLP,Provision mensual - Inventario,CC-006,DOC-001877,1301
2026-07-23,-700404.0,CLP,Transferencia interna - Capital,CC-005,DOC-000141,3101
2026-06-08,-2993372.0,CLP,Nota de credito - Capital,CC-004,DOC-000443,3101
2026-08-05,-2651988.0,CLP,Compra de mercaderia - Impuestos por Pagar,CC-007,DOC-001174,2102
2026-08-06,888251.0,CLP,Cobro cliente - Clientes,CC-002,DOC-000486,1201
2026-04-05,1716177.0,CLP,Transferencia interna - Bancos,CC-001,DOC-000881,1102
2026-08-02,2386335.0,CLP,Anticipo - Gastos Administrativos,CC-008,DOC-002564,5102
2026-05-25,781656.0,CLP,Nomina - Inventario,CC-001,DOC-001084,1301
2026-05-25,1456186.0,CLP,Nota de debito - Gastos Administrativos,CC-002,DOC-001299,5102
2026-06-24,-2861010.0,CLP,Transferencia interna - Impuestos por Pagar,CC-002,DOC-000175,2102
2026-06-06,-1775163.0,CLP,Devolucion - Capital,CC-008,DOC-001094,3101
2026-05-20,-426843.0,CLP,Anticipo - Gastos de Venta,CC-004,DOC-002700,5103
2026-08-05,479826.0,CLP,Pago de servicios - Inventario,CC-001,DOC-002846,1301
2026-07-18,292111.0,CLP,Nota de credito - Clientes,CC-007,DOC-001963,1201
2026-06-12,1086815.0,CLP,Cobro cliente - Clientes,CC-008,DOC-002681,1201
2026-07-09,654334.0,CLP,Pago a proveedor - Costo de Ventas,CC-004,DOC-002097,5101
2026-07-13,-2247082.0,CLP,Anticipo - Capital,CC-007,DOC-002155,3101
2026-06-05,2186006.0,CLP,Nomina - Bancos,CC-004,DOC-001556,1102
2026-07-01,-2273114.0,CLP,Nota de credito - Proveedores,CC-004,DOC-001670,2101
2026-05-31,1687242.0,CLP,Devolucion - Ventas,CC-007,DOC-000177,
2026-07-31,2722087.0,CLP,Ajuste contable - Proveedores,CC-005,DOC-001078,2101
2026-07-14,-2851173.0,CLP,Transferencia interna - Impuestos por Pagar,CC-001,DOC-000598,2102
2025-07-16,1936802.0,CLP,Nota de debito - Clientes,CC-004,DOC-002190,1201
2026-06-14,412280.0,CLP,Nota de credito - Costo de Ventas,CC-008,DOC-002531,5101
2026-07-06,-2830658.0,USD,Anticipo - Impuestos por Pagar,CC-007,DOC-002667,2102
2025-12-26,-1112536.0,CLP,Nota de credito - Prestamos Bancarios,CC-007,DOC-002786,2201
2026-07-19,1138260.0,CLP,Compra de mercaderia - Inventario,CC-003,DOC-000479,1301
2026-08-07,-2401114.0,CLP,Pago de servicios - Impuestos por Pagar,CC-002,DOC-001967,2102
2026-05-31,128169.0,CLP,Ajuste contable - Clientes,CC-008,DOC-001057,1201
2026-07-15,2188840.0,CLP,Nota de debito - Clientes,CC-005,DOC-002268,1201
2026-06-07,-363849.0,CLP,Regularizacion - Capital,CC-005,DOC-000533,3101
2026-07-19,-2484706.0,CLP,Pago a proveedor - Impuestos por Pagar,CC-002,DOC-001103,2102
2026-06-15,2397966.0,CLP,Cobro cliente - Gastos de Venta,CC-002,DOC-001106,5103
2025-12-06,-2251479.0,CLP,Devolucion - Prestamos Bancarios,CC-001,DOC-002927,2201
2026-06-07,-1066648.0,CLP,Devolucion - Impuestos por Pagar,CC-002,DOC-001123,2102
2026-05-23,-2772774.0,CLP,Compra de mercaderia - Capital,CC-003,DOC-000942,3101
2026-07-14,-1926905.0,CLP,Pago a proveedor - Capital,CC-001,DOC-000162,3101
2026-08-09,1784045.0,USD,Anticipo - Clientes,CC-001,DOC-001551,1201
2026-06-24,-1540015.0,CLP,Ajuste contable - Gastos de Venta,CC-001,DOC-000965,5103
2026-05-13,1079555.0,CLP,Nota de credito - Inventario,CC-006,DOC-000471,1301
2026-06-27,-2970916.0,CLP,Anticipo - Prestamos Bancarios,CC-007,DOC-000844,2201
2026-06-08,2379231.0,CLP,Devolucion - Gastos Administrativos,CC-008,DOC-000998,5102
2026-07-06,1968104.0,CLP,Ajuste contable - Ventas,CC-005,DOC-001904,4101
2026-07-28,-749726.0,CLP,Transferencia interna - Prestamos Bancarios,CC-003,DOC-000030,2201
2026-07-08,-2449114.0,CLP,Compra de mercaderia - Gastos de Venta,CC-003,DOC-002890,5103
2026-07-11,1487189.0,CLP,Anticipo - Proveedores,CC-002,DOC-000423,2101
2026-06-19,2224130.0,CLP,Pago de servicios - Inventario,CC-001,DOC-000511,1301
2026-07-25,1877690.0,CLP,Provision mensual - Costo de Ventas,CC-003,DOC-002758,5101
2026-07-09,555392.0,CLP,Ajuste contable - Bancos,CC-003,DOC-002737,1102
2026-06-25,1348204.0,USD,Cobro cliente - Ventas,CC-008,DOC-001393,4101
2026-05-27,1481428.0,CLP,Nomina - Gastos Administrativos,CC-007,DOC-001586,5102
2026-05-20,2862444.0,CLP,Cobro cliente - Costo de Ventas,CC-004,DOC-001929,5101
2026-08-02,-1579854.0,CLP,Ajuste contable - Impuestos por Pagar,CC-002,DOC-002497,2102
2026-05-27,2690369.0,CLP,Transferencia interna - Caja,CC-002,DOC-000787,1101
2026-05-21,-510567.0,USD,Regularizacion - Capital,CC-003,DOC-002636,3101
2026-05-30,1790627.0,CLP,Nota de credito - Inventario,CC-008,DOC-002538,1301
2026-07-25,2105772.0,CLP,Pago de servicios - Proveedores,CC-004,DOC-000402,2101
2026-07-07,2200143.0,CLP,Pago a proveedor - Clientes,CC-006,DOC-000433,1201
2026-08-08,-811133.0,USD,Devolucion - Prestamos Bancarios,CC-002,DOC-001151,2201
2026-06-15,237063.0,CLP,Compra de mercaderia - Gastos Administrativos,CC-006,DOC-000073,5102
2026-05-19,466227.0,USD,Provision mensual - Proveedores,CC-006,DOC-001536,2101
2026-07-19,957169.0,USD,Nota de debito - Ventas,CC-005,DOC-002709,4101
2026-06-26,-2325427.0,CLP,Cobro cliente - Capital,CC-003,DOC-000621,3101
2026-07-03,-1413203.0,CLP,Devolucion - Gastos de Venta,CC-001,DOC-001437,5103
2026-05-16,-1637025.0,USD,Regularizacion - Proveedores,CC-003,DOC-001559,2101
2026-07-05,2356864.0,USD,Regularizacion - Proveedores,CC-003,DOC-001566,2101
2026-06-18,1227736.0,CLP,Regularizacion - Ventas,CC-008,DOC-000324,4101
2026-06-03,1947920.0,CLP,Transferencia interna - Proveedores,CC-008,DOC-000332,2101
2026-07-16,-1603005.0,CLP,Nomina - Gastos de Venta,CC-005,DOC-001392,5103
2026-06-17,1696187.0,USD,Nomina - Proveedores,CC-004,DOC-000650,2101
2025-08-08,1288485.0,USD,Nota de debito - Gastos de Venta,CC-003,DOC-002236,5103
2026-07-10,-1980145.0,CLP,Provision mensual - Impuestos por Pagar,CC-002,DOC-001533,2102
2026-07-02,579580.0,CLP,Devolucion - Costo de Ventas,CC-007,DOC-002163,5101
2026-06-09,-1080956.0,CLP,Nota de debito - Impuestos por Pagar,CC-007,DOC-000543,2102
2026-05-24,-1274927.0,CLP,Nomina - Gastos de Venta,CC-005,DOC-001912,5103
2026-05-20,-2967680.0,CLP,Nota de credito - Gastos de Venta,CC-001,DOC-001818,5103
2026-06-25,-2341724.0,CLP,Regularizacion - Gastos de Venta,CC-005,DOC-001624,5103
2026-05-22,294695.0,CLP,Anticipo - Proveedores,CC-006,DOC-001177,2101
2026-07-18,1498816.0,CLP,Nota de credito - Costo de Ventas,CC-006,DOC-000679,5101
2026-05-27,-2454492.0,CLP,Devolucion - Gastos de Venta,CC-004,DOC-002096,5103
2026-05-23,903813.0,CLP,Ajuste contable - Bancos,CC-002,DOC-002029,1102
2026-06-19,-1265963.0,USD,Anticipo - Impuestos por Pagar,CC-008,DOC-001659,2102
2026-07-09,-2348367.0,CLP,Anticipo - Impuestos por Pagar,CC-001,DOC-001637,2102
2026-08-03,229748.0,CLP,Pago de servicios - Gastos Administrativos,CC-003,DOC-000239,5102
2025-08-26,-2400806.0,USD,Nota de credito - Gastos de Venta,CC-005,DOC-002124,5103
2025-10-31,2995927.0,CLP,Compra de mercaderia - Clientes,CC-007,DOC-002619,1201
2026-08-04,414990.0,CLP,Anticipo - Gastos Administrativos,CC-001,DOC-002290,5102
2026-05-26,-1597024.0,CLP,Regularizacion - Impuestos por Pagar,CC-008,DOC-000764,2102
2026-06-14,238828.0,CLP,Nomina - Clientes,CC-007,DOC-001128,1201
2026-05-20,2431457.0,CLP,Compra de mercaderia - Gastos de Venta,CC-006,DOC-001885,5103
2026-05-15,-2103867.0,CLP,Nota de credito - Prestamos Bancarios,CC-006,DOC-001116,2201
2026-07-15,-1672707.0,USD,Pago de servicios - Capital,CC-005,DOC-001102,3101
2026-06-23,-820501.0,CLP,Devolucion - Impuestos por Pagar,CC-008,DOC-002847,2102
2026-07-04,1385261.0,CLP,Provision mensual - Inventario,CC-003,DOC-002330,1301
2026-07-20,2025194.0,CLP,Regularizacion - Costo de Ventas,CC-004,DOC-001361,5101
2026-06-10,584290.0,CLP,Compra de mercaderia - Costo de Ventas,CC-007,DOC-002316,5101
2026-06-16,1109077.0,USD,Cobro cliente - Clientes,CC-008,DOC-001407,1201
2026-05-18,-423207.0,CLP,Nota de debito - Prestamos Bancarios,CC-002,DOC-002529,2201
2026-08-08,1509137.0,CLP,Ajuste contable - Ventas,CC-002,DOC-000343,4101
2026-08-05,-2311434.0,CLP,Ajuste contable - Impuestos por Pagar,CC-002,DOC-001105,2102
2026-04-18,2654879.0,USD,Nota de credito - Clientes,CC-005,DOC-002592,1201
2026-06-28,-552694.0,USD,Compra de mercaderia - Gastos de Venta,CC-007,DOC-000557,5103
2026-05-16,-1222128.0,CLP,Pago a proveedor - Impuestos por Pagar,CC-008,DOC-001475,2102
2026-07-02,-2433756.0,CLP,Nota de debito - Capital,CC-002,DOC-002703,3101
2026-05-12,2812796.0,CLP,Pago de servicios - Caja,CC-001,DOC-000594,1101
2026-06-26,1496008.0,CLP,Nota de credito - Gastos Administrativos,CC-007,DOC-001557,5102
2026-07-06,284553.0,CLP,Cobro cliente - Clientes,CC-006,DOC-000411,1201
2026-05-17,-2901793.0,CLP,Nota de credito - Impuestos por Pagar,CC-001,DOC-001055,2102
2026-06-09,2320145.0,CLP,Compra de mercaderia - Caja,CC-004,DOC-002473,1101
2026-06-17,919614.0,CLP,Nota de credito - Proveedores,CC-002,DOC-000108,2101
2026-07-10,-2928494.0,CLP,Transferencia interna - Gastos de Venta,CC-002,DOC-002025,5103
2026-07-11,-1015498.0,USD,Nomina - Capital,CC-001,DOC-002706,3101
2026-05-26,105561.0,CLP,Nota de credito - Inventario,CC-001,DOC-000318,1301
2026-05-17,410023.0,CLP,Pago de servicios - Caja,CC-006,DOC-002718,1101
2026-08-02,1796786.0,CLP,Nomina - Proveedores,CC-006,DOC-000840,2101
2026-07-07,2799407.0,CLP,Ajuste contable - Inventario,CC-002,DOC-000287,1301
2026-07-08,-33445.0,CLP,Ajuste contable - Capital,CC-003,DOC-001351,3101
2026-06-27,1682838.0,CLP,Ajuste contable - Proveedores,CC-003,DOC-002825,2101
2026-06-26,2838694.0,CLP,Compra de mercaderia - Gastos Administrativos,CC-001,DOC-002366,5102
2026-03-26,-2400375.0,CLP,Compra de mercaderia - Prestamos Bancarios,CC-002,DOC-001882,2201
2026-07-06,-1354933.0,CLP,Anticipo - Impuestos por Pagar,CC-004,DOC-000680,2102
2026-07-17,300767.0,CLP,Nomina - Inventario,CC-008,DOC-000729,1301
2026-05-21,1092015.0,CLP,Nomina - Bancos,CC-003,DOC-000789,1102
2026-07-16,-971559.0,CLP,Pago a proveedor - Capital,CC-004,DOC-001813,3101
2026-05-25,-746256.0,CLP,Regularizacion - Prestamos Bancarios,CC-002,DOC-001345,2201
2026-08-01,1698094.0,USD,Nota de debito - Gastos Administrativos,CC-002,DOC-001868,5102
2026-07-11,-2440899.0,CLP,Pago a proveedor - Gastos de Venta,CC-006,DOC-002069,5103
2026-06-27,1571401.0,CLP,Nota de credito - Clientes,CC-005,DOC-000432,1201
2026-06-10,1040520.0,CLP,Nomina - Gastos Administrativos,CC-003,DOC-000564,5102
2026-06-24,1383746.0,CLP,Provision mensual - Caja,CC-005,DOC-001748,1101
2026-07-29,-1969326.0,CLP,Nota de debito - Impuestos por Pagar,CC-001,DOC-001776,2102
2026-06-12,-2004395.0,USD,Anticipo - Capital,CC-006,DOC-000070,3101
2026-05-30,-1377967.0,CLP,Ajuste contable - Gastos de Venta,CC-002,DOC-001788,5103
2025-10-13,1176360.0,USD,Ajuste contable - Clientes,CC-007,DOC-001229,1201
2026-06-14,505911.0,CLP,Regularizacion - Gastos Administrativos,CC-005,DOC-001512,5102
2026-06-20,-2040157.0,CLP,Pago de servicios - Impuestos por Pagar,CC-001,DOC-000056,2102
2026-07-17,-262625.0,CLP,Devolucion - Prestamos Bancarios,CC-002,DOC-001601,2201
2026-05-31,-1449991.0,CLP,Regularizacion - Prestamos Bancarios,CC-008,DOC-000651,2201
2026-07-11,459350.0,CLP,Provision mensual - Ventas,CC-003,DOC-002176,4101
2026-05-15,-1730021.0,CLP,Nota de debito - Impuestos por Pagar,CC-004,DOC-000897,2102
2026-07-23,-1393419.0,CLP,Regularizacion - Gastos de Venta,CC-002,DOC-000785,5103
2026-05-10,-2238684.0,CLP,Pago a proveedor - Prestamos Bancarios,CC-007,DOC-000309,2201
2026-07-10,445061.0,CLP,Compra de mercaderia - Gastos Administrativos,CC-001,DOC-002404,5102
2026-07-06,2950293.0,CLP,Anticipo - Bancos,CC-001,DOC-001741,1102
2026-06-11,1495057.0,CLP,Pago a proveedor - Gastos Administrativos,CC-001,DOC-000907,5102
2026-02-02,-964337.0,CLP,Cobro cliente - Capital,CC-003,DOC-000602,3101
2026-06-11,718886.0,CLP,Pago de servicios - Proveedores,CC-004,DOC-001178,2101
2026-07-26,2122179.0,CLP,Anticipo - Inventario,CC-008,DOC-002297,1301
2026-08-10,936938.0,CLP,Cobro cliente - Clientes,CC-006,DOC-001745,1201
2026-07-24,1941098.0,CLP,Transferencia interna - Caja,CC-001,DOC-001161,1101
2026-05-15,2538877.0,USD,Cobro cliente - Proveedores,CC-005,DOC-001509,2101
2026-03-18,2229726.0,CLP,Provision mensual - Bancos,CC-005,DOC-002095,1102
2026-05-19,325612.0,CLP,Compra de mercaderia - Bancos,CC-008,DOC-001577,1102
2026-05-18,669133.0,CLP,Devolucion - Bancos,CC-005,DOC-000572,1102
2026-07-04,-796054.0,CLP,Ajuste contable - Capital,CC-001,DOC-000554,3101
2026-08-06,1998332.0,USD,Ajuste contable - Inventario,CC-006,DOC-000945,1301
2026-07-10,707693.0,CLP,Cobro cliente - Caja,CC-002,DOC-001007,1101
2026-05-18,2682431.0,CLP,Anticipo - Caja,CC-002,DOC-000874,1101
2026-07-29,,CLP,Compra de mercaderia - Bancos,CC-001,DOC-000004,1102
2026-07-29,-2679636.0,USD,Anticipo - Prestamos Bancarios,CC-005,DOC-001569,2201
2026-06-29,-63538.0,CLP,Nomina - Capital,CC-007,DOC-002668,3101
2026-06-10,-2083379.0,CLP,Nomina - Prestamos Bancarios,CC-003,DOC-002627,2201
2026-07-20,2266202.0,CLP,Cobro cliente - Inventario,CC-005,DOC-001553,1301
2026-03-27,946979.0,USD,Nomina - Ventas,CC-001,DOC-000120,4101
2026-07-14,-507511.0,CLP,Pago a proveedor - Gastos de Venta,CC-003,DOC-002659,5103
2026-05-30,-1849900.0,CLP,Ajuste contable - Impuestos por Pagar,CC-004,DOC-000809,2102
2026-06-11,2882162.0,CLP,Anticipo - Inventario,CC-004,DOC-002186,1301
2026-06-24,1058608.0,CLP,Pago a proveedor - Bancos,CC-004,DOC-001618,1102
2026-05-18,2624288.0,CLP,Pago de servicios - Bancos,CC-002,DOC-000313,1102
2026-06-27,-868784.0,USD,Transferencia interna - Capital,CC-003,DOC-001562,3101
2026-02-03,-861902.0,CLP,Devolucion - Proveedores,CC-006,DOC-000233,2101
2026-05-15,2082515.0,CLP,Pago de servicios - Clientes,CC-004,DOC-000507,1201
2026-08-06,258408.0,CLP,Regularizacion - Ventas,CC-003,DOC-001336,4101
2026-08-10,161131.0,CLP,Provision mensual - Caja,CC-005,DOC-001385,1101
2026-05-13,2579522.0,CLP,Compra de mercaderia - Proveedores,CC-004,DOC-000111,2101
2026-08-03,-368721.0,CLP,Nota de credito - Gastos de Venta,CC-001,DOC-001578,5103
2025-10-04,-610943.0,CLP,Ajuste contable - Capital,CC-005,DOC-000410,3101
2026-06-24,1665850.0,CLP,Regularizacion - Gastos Administrativos,CC-002,DOC-000218,5102
2026-06-27,-1223970.0,CLP,Pago de servicios - Impuestos por Pagar,CC-008,DOC-002114,2102
2026-06-29,2616462.0,USD,Nota de debito - Bancos,CC-002,DOC-001307,1102
2026-07-29,1396646.0,CLP,Pago de servicios - Ventas,CC-005,DOC-001080,4101
2026-07-15,1641541.0,CLP,Anticipo - Gastos de Venta,CC-003,DOC-000759,5103
2025-11-26,-694039.0,CLP,Provision mensual - Prestamos Bancarios,CC-002,DOC-000911,2201
2026-05-21,-640952.0,CLP,Nota de credito - Impuestos por Pagar,CC-005,DOC-000807,2102
2026-06-18,2747985.0,CLP,Cobro cliente - Inventario,CC-006,DOC-000439,1301
2026-07-25,637515.0,CLP,Regularizacion - Caja,CC-003,DOC-000544,1101
2026-06-27,-1640342.0,CLP,Transferencia interna - Capital,CC-004,DOC-000485,3101
2026-05-26,1455326.0,CLP,Regularizacion - Bancos,CC-006,DOC-002475,1102
2026-05-16,406174.0,CLP,Compra de mercaderia - Costo de Ventas,CC-002,DOC-000387,5101
2026-06-20,1051123.0,CLP,Nota de debito - Caja,CC-003,DOC-002916,1101
2026-05-17,1429797.0,CLP,Transferencia interna - Bancos,CC-006,DOC-001192,1102
2026-06-22,-2865515.0,CLP,Ajuste contable - Capital,CC-004,DOC-001230,3101
2026-07-04,1336293.0,CLP,Anticipo - Clientes,CC-001,DOC-001210,1201
2026-07-02,1363541.0,CLP,Cobro cliente - Proveedores,CC-006,DOC-001273,2101
2026-07-18,2270911.0,CLP,Nota de credito - Costo de Ventas,CC-008,DOC-001939,5101
2026-06-19,-1139280.0,CLP,Compra de mercaderia - Impuestos por Pagar,CC-008,DOC-002303,2102
2026-08-02,1684471.0,CLP,Ajuste contable - Gastos Administrativos,CC-006,DOC-000930,5102
2026-05-14,1195463.0,CLP,Devolucion - Proveedores,CC-007,DOC-000135,2101
2026-06-03,-2915452.0,CLP,Nomina - Gastos de Venta,CC-007,DOC-001780,5103
2026-05-21,2492016.0,CLP,Devolucion - Inventario,CC-008,DOC-002167,1301
2026-07-10,-2180306.0,CLP,Compra de mercaderia - Proveedores,CC-001,DOC-001497,2101
2026-06-04,2980925.0,CLP,Nomina - Ventas,CC-001,DOC-002256,4101
2026-06-16,-2447349.0,CLP,Anticipo - Impuestos por Pagar,CC-003,DOC-000366,2102
2025-10-14,-479050.0,CLP,Transferencia interna - Prestamos Bancarios,CC-005,DOC-002024,2201
2026-07-23,1021738.0,CLP,Cobro cliente - Gastos Administrativos,CC-003,DOC-002897,5102
2026-08-04,-2021727.0,USD,Cobro cliente - Prestamos Bancarios,CC-001,DOC-000029,2201
2026-06-11,1215056.0,CLP,Ajuste contable - Ventas,CC-003,DOC-002501,4101
2026-07-23,-1393419.0,CLP,Regularizacion - Gastos de Venta,CC-002,DOC-000785,5103
2026-07-20,154100.0,CLP,Anticipo - Inventario,CC-005,DOC-001047,1301
2026-05-17,2703207.0,CLP,Pago a proveedor - Gastos de Venta,CC-008,DOC-002887,5103
2026-06-29,1800836.0,CLP,Ajuste contable - Clientes,CC-005,DOC-001421,1201
2026-06-18,2021536.0,USD,Pago a proveedor - Proveedores,CC-001,DOC-001488,2101
2026-08-07,279814.0,CLP,Nomina - Clientes,CC-007,DOC-000183,1201
2026-07-02,2667726.0,CLP,Nota de credito - Caja,CC-008,DOC-001134,1101
2026-08-03,-28023.0,CLP,Provision mensual - Prestamos Bancarios,CC-003,DOC-000188,2201
2026-07-01,-2374275.0,CLP,Devolucion - Impuestos por Pagar,CC-002,DOC-000420,2102
2026-06-15,225105.0,CLP,Anticipo - Gastos Administrativos,CC-003,DOC-000170,5102
2026-06-16,1443178.0,CLP,Cobro cliente - Costo de Ventas,CC-007,DOC-001377,5101
2026-06-29,371970.0,USD,Pago a proveedor - Bancos,CC-003,DOC-000460,1102
2026-06-15,-2502066.0,CLP,Anticipo - Impuestos por Pagar,CC-001,DOC-000043,2102
2026-07-16,-232609.0,CLP,Devolucion - Prestamos Bancarios,CC-004,DOC-000087,2201
2026-05-29,-416995.0,CLP,Compra de mercaderia - Capital,CC-003,DOC-001322,3101
2026-07-26,-172864.0,CLP,Pago a proveedor - Prestamos Bancarios,CC-006,DOC-001740,2201
2026-06-03,2427382.0,CLP,Ajuste contable - Proveedores,CC-003,DOC-000705,2101
2026-02-11,-1833561.0,CLP,Ajuste contable - Prestamos Bancarios,CC-008,DOC-000903,2201
2026-07-19,1381692.0,CLP,Devolucion - Ventas,CC-005,DOC-000282,4101
2026-08-01,2890753.0,CLP,Transferencia interna - Proveedores,CC-008,DOC-002458,2101
2026-07-28,291183.0,USD,Transferencia interna - Inventario,CC-001,DOC-000693,1301
2025-10-11,-1652343.0,CLP,Anticipo - Capital,CC-001,DOC-002089,3101
2026-06-11,-194059.0,CLP,Nomina - Impuestos por Pagar,CC-004,DOC-002066,2102
2026-04-27,248262.0,USD,Nota de debito - Costo de Ventas,CC-005,DOC-000257,5101
2026-07-10,2480971.0,CLP,Nota de credito - Costo de Ventas,CC-004,DOC-002644,5101
2026-06-06,940619.0,CLP,Pago a proveedor - Caja,CC-003,DOC-002594,1101
2026-07-19,1632818.0,USD,Nomina - Bancos,CC-001,DOC-002442,1102
2026-06-28,2190849.0,CLP,Nota de debito - Clientes,CC-003,DOC-002883,1201
2026-07-24,2995223.0,CLP,Compra de mercaderia - Gastos de Venta,CC-001,DOC-001216,5103
2026-05-22,1332998.0,CLP,Pago a proveedor - Gastos Administrativos,CC-007,DOC-001041,5102
2026-06-16,2925153.0,CLP,Nota de credito - Gastos Administrativos,CC-005,DOC-002453,5102
2026-07-25,274949.0,CLP,Nota de credito - Costo de Ventas,CC-007,DOC-000149,5101
2026-05-20,828479.0,CLP,Pago a proveedor - Costo de Ventas,CC-005,DOC-001736,5101
2025-12-25,2406971.0,USD,Nomina - Clientes,CC-005,DOC-002358,1201
2026-08-07,1161921.0,CLP,Cobro cliente - Costo de Ventas,CC-006,DOC-002392,5101
2026-05-15,-1821450.0,CLP,Provision mensual - Gastos de Venta,CC-004,DOC-002441,5103
2026-08-04,863119.0,CLP,Pago de servicios - Inventario,CC-008,DOC-002112,1301
2026-07-17,2332770.0,CLP,Ajuste contable - Bancos,CC-004,DOC-002417,1102
2026-06-19,2613444.0,USD,Cobro cliente - Caja,CC-008,DOC-000134,1101
2026-06-20,2248058.0,CLP,Cobro cliente - Gastos Administrativos,CC-007,DOC-002930,5102
2026-05-20,-2132097.0,CLP,Provision mensual - Capital,CC-004,DOC-000831,3101
2026-07-01,1357240.0,CLP,Anticipo - Proveedores,CC-003,DOC-001800,2101
2026-07-10,2496565.0,CLP,Nota de debito - Gastos Administrativos,CC-007,DOC-002929,5102
2026-07-25,1102051.0,CLP,Nota de credito - Clientes,CC-003,DOC-002496,1201
2026-07-18,2191441.0,CLP,Nota de credito - Inventario,CC-008,DOC-001898,1301
2026-07-11,-1983699.0,CLP,Ajuste contable - Prestamos Bancarios,CC-004,DOC-000864,2201
2026-06-11,2720047.0,CLP,Regularizacion - Gastos Administrativos,CC-005,DOC-000528,5102
2026-06-22,830901.0,CLP,Pago a proveedor - Inventario,CC-005,DOC-002219,1301
2026-07-11,-178428.0,CLP,Transferencia interna - Gastos de Venta,CC-001,DOC-000430,5103
2026-06-02,1356187.0,CLP,Ajuste contable - Costo de Ventas,CC-002,DOC-002743,5101
2026-07-19,-1332980.0,CLP,Regularizacion - Gastos de Venta,CC-007,DOC-001744,5103
2026-07-24,2241528.0,CLP,Regularizacion - Clientes,CC-005,DOC-000610,1201
2026-06-15,1019360.0,CLP,Transferencia interna - Costo de Ventas,CC-001,DOC-000949,5101
2026-06-04,2419338.0,CLP,Transferencia interna - Inventario,CC-003,DOC-002811,1301
2026-07-31,1127863.0,CLP,Cobro cliente - Inventario,CC-006,DOC-000221,1301
2026-07-24,435656.0,CLP,Nota de debito - Caja,CC-004,DOC-001915,1101
2026-08-08,2508734.0,USD,Pago a proveedor - Gastos Administrativos,CC-006,DOC-002411,5102
2025-10-22,-2782885.0,USD,Compra de mercaderia - Prestamos Bancarios,CC-002,DOC-001036,2201
2026-07-12,978374.0,CLP,Ajuste contable - Caja,CC-005,DOC-002645,1101
2026-06-30,-1061371.0,CLP,Compra de mercaderia - Gastos de Venta,CC-001,DOC-000932,5103
2026-07-31,-590480.0,CLP,Provision mensual - Gastos de Venta,CC-001,DOC-002555,5103
2026-06-01,2163916.0,CLP,Transferencia interna - Gastos Administrativos,CC-004,DOC-000173,5102
2026-05-24,168426.0,CLP,Transferencia interna - Ventas,CC-008,DOC-000565,4101
2026-07-17,-750155.0,CLP,Ajuste contable - Gastos de Venta,CC-003,DOC-001960,5103
2026-08-03,-2506142.0,CLP,Nota de credito - Prestamos Bancarios,CC-006,DOC-000812,2201
2026-08-05,-960287.0,CLP,Ajuste contable - Impuestos por Pagar,CC-001,DOC-002687,2102
2026-05-27,2269562.0,CLP,Nomina - Bancos,CC-005,DOC-000958,1102
2026-05-29,2448964.0,CLP,Nota de credito - Costo de Ventas,CC-004,DOC-000527,5101
2026-07-28,1629399.0,CLP,Nota de credito - Caja,CC-002,DOC-001413,1101
2025-11-24,2772902.0,CLP,Pago a proveedor - Clientes,CC-004,DOC-001611,1201
2025-08-24,1207154.0,CLP,Pago a proveedor - Clientes,CC-003,DOC-000272,1201
2026-05-22,216742.0,CLP,Pago a proveedor - Gastos de Venta,CC-005,DOC-000926,5103
2026-07-22,2118391.0,CLP,Ajuste contable - Caja,CC-002,DOC-001739,1101
2026-06-23,1221068.0,CLP,Provision mensual - Gastos Administrativos,CC-003,DOC-000847,5102
2026-07-31,1617545.0,CLP,Cobro cliente - Proveedores,CC-007,DOC-000952,2101
2026-07-10,2438803.0,CLP,Ajuste contable - Caja,CC-008,DOC-001620,1101
2026-08-07,-200769.0,CLP,Transferencia interna - Impuestos por Pagar,CC-008,DOC-000833,2102
2026-06-04,15096.0,USD,Pago de servicios - Gastos Administrativos,CC-007,DOC-002315,5102
2026-05-24,-1274927.0,CLP,Nomina - Gastos de Venta,CC-005,DOC-001912,5103
2026-06-02,749721.0,CLP,Anticipo - Costo de Ventas,CC-007,DOC-002593,5101
2026-06-08,-52787.0,CLP,Nomina - Impuestos por Pagar,CC-003,DOC-002031,2102
2026-07-21,-1867418.0,CLP,Nota de credito - Capital,CC-002,DOC-001100,3101
2026-08-10,1130119.0,CLP,Nota de debito - Bancos,CC-005,DOC-001292,1102
2026-08-06,2574636.0,CLP,Transferencia interna - Gastos Administrativos,CC-005,DOC-002875,5102
2026-06-14,-1513997.0,CLP,Nota de debito - Ventas,CC-005,DOC-000168,4101
2026-06-08,654263.0,CLP,Pago de servicios - Gastos Administrativos,CC-004,DOC-002376,5102
2026-05-30,98813.0,CLP,Nomina - Gastos Administrativos,CC-001,DOC-001467,5102
2026-08-10,-2048135.0,CLP,Nota de debito - Proveedores,CC-004,DOC-002766,2101
2026-06-06,1369046.0,CLP,Regularizacion - Costo de Ventas,CC-005,DOC-001398,5101
2026-07-04,1980412.0,CLP,Regularizacion - Proveedores,CC-001,DOC-001228,2101
2026-07-11,-862970.0,CLP,Ajuste contable - Prestamos Bancarios,CC-006,DOC-002234,2201
2026-05-20,-2253006.0,CLP,Pago a proveedor - Capital,CC-006,DOC-001738,3101
2026-05-14,606550.0,USD,Pago de servicios - Proveedores,CC-005,DOC-000367,2101
2026-06-20,641018.0,CLP,Devolucion - Bancos,CC-008,DOC-002275,1102
2026-06-22,-1426396.0,CLP,Nomina - Prestamos Bancarios,CC-001,DOC-000867,2201
2026-07-30,907538.0,CLP,Regularizacion - Clientes,CC-008,DOC-001302,1201
2026-06-21,2786980.0,CLP,Anticipo - Inventario,CC-004,DOC-000351,1301
2026-06-16,1718264.0,CLP,Nomina - Ventas,CC-003,DOC-002394,4101
2026-07-22,-2588900.0,USD,Pago de servicios - Capital,CC-003,DOC-002503,3101
2026-07-29,-2348201.0,CLP,Provision mensual - Proveedores,CC-003,DOC-000979,2101
2026-06-03,-2468560.0,CLP,Cobro cliente - Impuestos por Pagar,CC-004,DOC-001847,2102
2026-05-13,-1505405.0,CLP,Compra de mercaderia - Impuestos por Pagar,CC-006,DOC-002370,2102
2026-06-11,900062.0,CLP,Nota de credito - Costo de Ventas,CC-001,DOC-000498,5101
2026-04-24,814544.0,CLP,Compra de mercaderia - Bancos,CC-002,DOC-001628,1102
2026-06-06,1088675.0,CLP,Ajuste contable - Gastos Administrativos,CC-004,DOC-000210,5102
2026-07-13,-2605661.0,CLP,Regularizacion - Prestamos Bancarios,CC-006,DOC-002470,2201
2026-07-05,78994.0,CLP,Regularizacion - Proveedores,CC-008,DOC-000601,2101
2026-08-02,2860444.0,CLP,Regularizacion - Ventas,CC-001,DOC-000227,4101
2026-07-03,-25268.0,CLP,Anticipo - Capital,CC-007,DOC-000365,3101
2026-07-01,2137064.0,CLP,Provision mensual - Gastos de Venta,CC-004,DOC-000581,5103
2025-11-04,-1052545.0,CLP,Nomina - Gastos de Venta,CC-004,DOC-002855,5103
2026-07-10,-2536920.0,CLP,Transferencia interna - Capital,CC-003,DOC-002178,3101
2026-06-12,740867.0,CLP,Nota de debito - Clientes,CC-008,DOC-002018,1201
2026-05-28,511392.0,CLP,Compra de mercaderia - Caja,CC-001,DOC-000859,1101
2026-07-14,1486671.0,CLP,Compra de mercaderia - Inventario,CC-006,DOC-000407,1301
2026-05-24,1365830.0,CLP,Nota de debito - Bancos,CC-006,DOC-001920,1102
2026-06-18,-1796452.0,CLP,Cobro cliente - Impuestos por Pagar,CC-008,DOC-001613,2102
2026-07-08,-565522.0,CLP,Compra de mercaderia - Impuestos por Pagar,CC-008,DOC-000678,2102
2026-05-17,2965187.0,CLP,Nota de credito - Inventario,CC-004,DOC-001264,1301
2026-08-03,1226418.0,CLP,Regularizacion - Costo de Ventas,CC-008,DOC-002407,5101
2026-06-25,2244947.0,CLP,Ajuste contable - Proveedores,CC-003,DOC-000691,2101
2026-06-23,837531.0,CLP,Pago de servicios - Inventario,CC-003,DOC-000007,1301
2025-12-20,1702222.0,CLP,Nomina - Caja,CC-002,DOC-002867,1101
2026-07-22,986403.0,CLP,Ajuste contable - Ventas,CC-008,DOC-001204,4101
2026-06-09,2637922.0,CLP,Nomina - Bancos,CC-004,DOC-002233,1102
2026-06-10,-217131.0,CLP,Nota de credito - Prestamos Bancarios,CC-002,DOC-000415,2201
2026-07-11,-2207610.0,CLP,Provision mensual - Capital,CC-004,DOC-000670,3101
2026-05-16,-1439929.0,CLP,Pago a proveedor - Impuestos por Pagar,CC-003,DOC-000810,2102
2026-05-19,-729132.0,CLP,Nota de debito - Capital,CC-004,DOC-001089,3101
2026-06-11,1329413.0,CLP,Compra de mercaderia - Clientes,CC-001,DOC-000199,1201
2026-07-10,840624.0,CLP,Compra de mercaderia - Costo de Ventas,CC-005,DOC-000283,5101
2026-07-18,-2435436.0,CLP,Transferencia interna - Gastos de Venta,CC-001,DOC-000231,5103
2025-07-23,1288277.0,USD,Regularizacion - Gastos Administrativos,CC-001,DOC-002730,5102
2025-07-28,518155.0,CLP,Regularizacion - Proveedores,CC-007,DOC-002861,2101
2026-06-09,1667753.0,CLP,Transferencia interna - Inventario,CC-008,DOC-000096,1301
2026-06-12,-1253605.0,CLP,Transferencia interna - Gastos de Venta,CC-002,DOC-001587,5103
2026-06-04,-2969145.0,CLP,Devolucion - Prestamos Bancarios,CC-002,DOC-002569,2201
2026-07-12,159180.0,CLP,Pago a proveedor - Bancos,CC-004,DOC-001606,1102
2026-07-19,-1374302.0,CLP,Regularizacion - Prestamos Bancarios,CC-008,DOC-000676,2201
2026-07-27,-1418163.0,CLP,Cobro cliente - Capital,CC-006,DOC-001860,3101
2026-05-26,2851361.0,CLP,Nomina - Ventas,CC-003,DOC-002781,4101
2026-07-28,2902178.0,USD,Nota de debito - Bancos,CC-008,DOC-002863,1102
2026-06-21,-1737895.0,USD,Transferencia interna - Capital,CC-001,DOC-002587,3101
2026-07-04,2126223.0,CLP,Pago a proveedor - Proveedores,CC-004,DOC-001399,2101
2026-06-03,-2435574.0,CLP,Transferencia interna - Prestamos Bancarios,CC-008,DOC-001370,2201
2026-06-28,-557169.0,CLP,Transferencia interna - Capital,CC-002,DOC-000104,3101
2026-01-19,-2276791.0,USD,Ajuste contable - Capital,CC-006,DOC-002087,3101
2026-06-14,724842.0,CLP,Anticipo - Bancos,CC-004,DOC-000599,1102
2026-07-18,1428253.0,CLP,Anticipo - Ventas,CC-007,DOC-001756,4101
2026-07-16,2207280.0,CLP,Nota de credito - Inventario,CC-002,DOC-001323,1301
2026-07-28,-54605.0,CLP,Regularizacion - Prestamos Bancarios,CC-007,DOC-000642,2201
2026-06-19,-783122.0,CLP,Pago a proveedor - Capital,CC-003,DOC-000700,3101
2026-06-17,-9685.0,CLP,Ajuste contable - Gastos de Venta,CC-002,DOC-000226,5103
2026-05-01,2266590.0,CLP,Regularizacion - Caja,CC-007,DOC-001697,1101
2026-06-09,304670.0,CLP,Pago de servicios - Costo de Ventas,CC-008,DOC-001010,5101
2026-06-16,292647.0,CLP,Regularizacion - Ventas,CC-006,DOC-001572,4101
2026-06-26,243029.0,CLP,Ajuste contable - Inventario,CC-008,DOC-000776,1301
,2836742.0,CLP,Nota de credito - Costo de Ventas,CC-003,DOC-001730,5101
2026-06-26,1218057.0,CLP,Anticipo - Clientes,CC-006,DOC-002826,1201
2026-07-09,323958.0,CLP,Provision mensual - Costo de Ventas,CC-004,DOC-002228,5101
2026-07-06,-414443.0,CLP,Nota de credito - Capital,CC-002,DOC-002794,3101
2026-06-22,416022.0,CLP,Nota de debito - Caja,CC-004,DOC-000464,1101
2026-05-17,964893.0,CLP,Cobro cliente - Gastos Administrativos,CC-003,DOC-002651,5102
2026-05-28,-1789539.0,CLP,Compra de mercaderia - Prestamos Bancarios,CC-001,DOC-001093,2201
2026-06-16,-2282172.0,CLP,Pago a proveedor - Ventas,CC-007,DOC-001271,4101
2026-07-13,2114596.0,CLP,Cobro cliente - Proveedores,CC-003,DOC-002923,2101
2026-08-10,2417822.0,CLP,Cobro cliente - Proveedores,CC-001,DOC-001580,2101
2026-06-08,1423906.0,CLP,Nota de debito - Ventas,CC-001,DOC-001207,4101
2026-07-29,1525531.0,CLP,Regularizacion - Proveedores,CC-001,DOC-000212,2101
2026-06-21,2654626.0,CLP,Ajuste contable - Inventario,CC-005,DOC-000012,1301
2026-06-25,1860042.0,CLP,Nomina - Inventario,CC-008,DOC-002478,1301
2026-07-15,1555659.0,CLP,Nota de credito - Gastos Administrativos,CC-007,DOC-000422,5102
2026-07-01,1983536.0,CLP,Nomina - Bancos,CC-003,DOC-001688,1102
2026-05-25,2422340.0,CLP,Nota de debito - Gastos de Venta,CC-008,DOC-001779,5103
2026-07-16,-2537302.0,CLP,Provision mensual - Gastos de Venta,CC-003,DOC-002639,5103
2026-07-11,-1599796.0,CLP,Nomina - Impuestos por Pagar,CC-001,DOC-002319,2102
2026-08-05,2672939.0,CLP,Ajuste contable - Clientes,CC-005,DOC-000637,1201
2026-05-21,2067026.0,CLP,Nomina - Ventas,CC-004,DOC-001278,4101
2026-04-01,-832955.0,CLP,Pago de servicios - Prestamos Bancarios,CC-002,DOC-001640,2201
2026-06-09,2575413.0,USD,Provision mensual - Proveedores,CC-003,DOC-000509,2101
2026-06-02,1613423.0,CLP,Provision mensual - Ventas,CC-006,DOC-000597,4101
2026-02-07,2188914.0,CLP,Pago a proveedor - Clientes,CC-006,DOC-002712,1201
2026-07-12,2207570.0,CLP,Pago de servicios - Inventario,CC-004,DOC-002634,1301
2026-07-25,-1107928.0,CLP,Regularizacion - Prestamos Bancarios,CC-007,DOC-002364,2201
2026-06-26,2144079.0,CLP,Pago a proveedor - Bancos,CC-002,DOC-002643,1102
2026-05-19,1231474.0,CLP,Nota de debito - Gastos Administrativos,CC-001,DOC-000518,5102
2026-07-03,2533497.0,CLP,Provision mensual - Costo de Ventas,CC-001,DOC-002793,5101
2026-05-13,-323435.0,CLP,Nota de credito - Ventas,CC-007,DOC-000573,4101
2025-07-19,-359960.0,CLP,Pago a proveedor - Gastos de Venta,CC-004,DOC-002725,5103
2026-08-08,-488194.0,CLP,Transferencia interna - Capital,CC-006,DOC-001097,3101
2026-06-01,-2995126.0,CLP,Ajuste contable - Capital,CC-007,DOC-001947,3101
2026-06-21,-1503147.0,CLP,Nomina - Impuestos por Pagar,CC-006,DOC-001448,2102
2026-06-16,443008.0,CLP,Ajuste contable - Gastos Administrativos,CC-004,DOC-001584,5102
2026-06-02,1642402.0,CLP,Anticipo - Gastos Administrativos,CC-004,DOC-002596,5102
2026-06-25,1745292.0,CLP,Compra de mercaderia - Bancos,CC-008,DOC-000964,1102
2026-05-18,2886541.0,CLP,Transferencia interna - Costo de Ventas,CC-005,DOC-001018,5101
2026-06-30,2056872.0,CLP,Devolucion - Clientes,CC-007,DOC-002908,1201
2026-07-30,-20560.0,CLP,Pago de servicios - Impuestos por Pagar,CC-005,DOC-000358,2102
2026-06-01,1207664.0,CLP,Ajuste contable - Clientes,CC-008,DOC-000736,1201
2025-12-11,-2301667.0,CLP,Compra de mercaderia - Prestamos Bancarios,CC-003,DOC-001784,2201
2026-07-11,2560320.0,USD,Regularizacion - Bancos,CC-005,DOC-001608,1102
2026-06-10,,CLP,Nomina - Gastos Administrativos,CC-005,DOC-000259,5102
2026-06-02,2464428.0,CLP,Nomina - Caja,CC-007,DOC-002771,1101
2026-07-17,-2603491.0,CLP,Nomina - Capital,CC-003,DOC-002642,3101
2026-07-05,2689672.0,CLP,Transferencia interna - Costo de Ventas,CC-006,DOC-002742,5101
2026-06-27,,CLP,Compra de mercaderia - Prestamos Bancarios,CC-002,DOC-002383,2201
2026-07-11,-1801465.0,CLP,Pago de servicios - Capital,CC-006,DOC-001029,3101
2026-07-26,1374259.0,CLP,Pago a proveedor - Clientes,CC-008,DOC-002408,1201
2026-05-15,-2400632.0,CLP,Nota de credito - Impuestos por Pagar,CC-006,DOC-000969,2102
2026-07-22,1882783.0,CLP,Pago a proveedor - Costo de Ventas,CC-002,DOC-001326,5101
2026-06-10,2198661.0,CLP,Nota de debito - Inventario,CC-006,DOC-000819,1301
2026-05-15,2109578.0,CLP,Pago a proveedor - Gastos Administrativos,CC-007,DOC-002716,5102
2026-07-06,1625520.0,CLP,Nota de credito - Caja,CC-001,DOC-002325,1101
2026-05-31,-2245495.0,CLP,Transferencia interna - Prestamos Bancarios,CC-002,DOC-000456,2201
2026-07-18,-828570.0,CLP,Ajuste contable - Impuestos por Pagar,CC-001,DOC-000462,2102
2026-07-30,1556275.0,CLP,Cobro cliente - Inventario,CC-007,DOC-002344,1301
2026-06-25,1493350.0,CLP,Anticipo - Costo de Ventas,CC-001,DOC-002688,5101
2026-07-21,996314.0,CLP,Nota de debito - Ventas,CC-007,DOC-000381,4101
2026-06-29,90348.0,CLP,Nota de credito - Caja,CC-003,DOC-001891,1101
2026-07-26,1951740.0,CLP,Devolucion - Proveedores,CC-001,DOC-001832,2101
2026-06-04,-200559.0,CLP,Compra de mercaderia - Capital,CC-004,DOC-002308,3101
2026-07-27,2696224.0,CLP,Ajuste contable - Inventario,CC-004,DOC-001506,1301
2026-07-04,2937877.0,CLP,Pago a proveedor - Costo de Ventas,CC-008,DOC-000805,5101
2026-07-23,2715603.0,CLP,Regularizacion - Ventas,CC-003,DOC-002438,4101
2026-07-12,603057.0,CLP,Nota de debito - Caja,CC-002,DOC-000756,1101
2026-07-19,1323224.0,CLP,Pago de servicios - Caja,CC-004,DOC-002515,1101
2026-06-22,642240.0,CLP,Devolucion - Gastos Administrativos,CC-005,DOC-001253,5102
2026-06-16,1833404.0,CLP,Compra de mercaderia - Ventas,CC-005,DOC-000869,4101
2026-05-22,935283.0,CLP,Anticipo - Gastos Administrativos,CC-002,DOC-002064,5102
2026-06-17,739535.0,USD,Nomina - Bancos,CC-002,DOC-001410,1102
2026-06-11,1497849.0,USD,Regularizacion - Gastos Administrativos,CC-004,DOC-002360,5102
2026-07-14,1748773.0,CLP,Pago a proveedor - Bancos,CC-005,DOC-002287,1102
2026-07-04,2237260.0,CLP,Cobro cliente - Proveedores,CC-005,DOC-002858,2101
2026-06-19,-825737.0,CLP,Transferencia interna - Impuestos por Pagar,CC-008,DOC-001173,2102
2026-05-26,-1574732.0,CLP,Devolucion - Capital,CC-003,DOC-000542,3101
2026-07-03,429805.0,CLP,Nota de debito - Caja,CC-004,DOC-002104,1101
2026-05-30,518520.0,USD,Anticipo - Bancos,CC-006,DOC-001255,1102
2026-07-22,2055717.0,CLP,Pago de servicios - Bancos,CC-001,DOC-001766,1102
2026-07-03,926043.0,CLP,Provision mensual - Inventario,CC-007,DOC-001765,1301
2026-07-28,2605744.0,CLP,Compra de mercaderia - Gastos Administrativos,CC-002,DOC-001289,5102
2026-07-31,-2006604.0,CLP,Pago a proveedor - Ventas,CC-001,DOC-002421,4101
2026-06-08,283323.0,USD,Ajuste contable - Inventario,CC-007,DOC-002527,1301
2026-05-22,-2199361.0,CLP,Provision mensual - Ventas,CC-006,DOC-001343,4101
2025-09-21,-1482543.0,CLP,Cobro cliente - Prestamos Bancarios,CC-006,DOC-001525,2201
2026-06-12,2190294.0,USD,Transferencia interna - Gastos Administrativos,CC-008,DOC-002894,5102
2026-07-07,-2749162.0,CLP,Devolucion - Gastos de Venta,CC-005,DOC-002686,5103
2026-08-02,699288.0,CLP,Devolucion - Proveedores,CC-003,DOC-002194,2101
2026-06-22,192502.0,CLP,Nota de debito - Costo de Ventas,CC-007,DOC-002420,5101
2026-06-08,-792854.0,CLP,Compra de mercaderia - Capital,CC-002,DOC-001677,3101
2026-07-05,2200461.0,CLP,Nota de credito - Ventas,CC-003,DOC-001286,4101
2026-06-25,-171040.0,CLP,Ajuste contable - Capital,CC-006,DOC-000435,3101
2026-05-11,973397.0,CLP,Pago a proveedor - Clientes,CC-003,DOC-001727,1201
2026-07-04,922955.0,CLP,Nomina - Bancos,CC-003,DOC-000237,1102
2025-11-27,-498947.0,CLP,Cobro cliente - Gastos de Venta,CC-002,DOC-002347,5103
2026-07-08,1982982.0,CLP,Ajuste contable - Inventario,CC-002,DOC-000109,1301
2026-05-22,-1057391.0,CLP,Nomina - Capital,CC-007,DOC-002274,3101
2026-07-25,-2361999.0,CLP,Nota de debito - Impuestos por Pagar,CC-004,DOC-000163,2102
2026-07-11,731162.0,CLP,Regularizacion - Costo de Ventas,CC-004,DOC-000288,5101
2026-06-27,-389362.0,CLP,Regularizacion - Capital,CC-003,DOC-000252,3101
2026-07-08,1622584.0,CLP,Pago de servicios - Caja,CC-008,DOC-002583,1101
2026-07-18,785214.0,CLP,Devolucion - Proveedores,CC-002,DOC-001964,2101
2026-07-18,2428490.0,CLP,Nomina - Inventario,CC-008,DOC-001288,1301
2026-06-10,522843.0,CLP,Anticipo - Gastos de Venta,CC-002,DOC-000744,5103
2026-06-24,1498270.0,CLP,Pago de servicios - Gastos Administrativos,CC-006,DOC-001206,5102
2026-07-13,7930.0,CLP,Regularizacion - Clientes,CC-007,DOC-002419,1201
2026-07-29,229264.0,CLP,Pago de servicios - Inventario,CC-005,DOC-001391,1301
2026-08-06,1601424.0,CLP,Nomina - Caja,CC-002,DOC-002333,1101
2026-06-15,1570374.0,CLP,Cobro cliente - Gastos Administrativos,CC-003,DOC-000990,5102
2026-06-12,979507.0,CLP,Transferencia interna - Bancos,CC-003,DOC-000839,1102
2026-05-26,1760157.0,CLP,Nota de debito - Inventario,CC-007,DOC-001149,1301
2026-05-31,95162.0,CLP,Ajuste contable - Inventario,CC-005,DOC-001221,1301
2025-10-17,1252054.0,CLP,Provision mensual - Ventas,CC-003,DOC-001743,4101
2026-08-02,2410843.0,CLP,Ajuste contable - Costo de Ventas,CC-001,DOC-002400,5101
2026-06-21,1490899.0,CLP,Nomina - Costo de Ventas,CC-003,DOC-000461,5101
2026-07-04,267603.0,CLP,Nota de credito - Inventario,CC-004,DOC-001309,1301
2026-08-07,444926.0,CLP,Provision mensual - Costo de Ventas,CC-002,DOC-001435,5101
2026-06-08,352781.0,CLP,Regularizacion - Caja,CC-003,DOC-000157,1101
2026-06-04,-504427.0,CLP,Devolucion - Gastos de Venta,CC-004,DOC-001911,5103
2026-05-31,2746129.0,CLP,Nota de credito - Ventas,CC-005,DOC-002359,4101
2026-08-09,-2023939.0,CLP,Cobro cliente - Impuestos por Pagar,CC-006,DOC-000677,2102
2026-08-04,8566.0,CLP,Nomina - Proveedores,CC-005,DOC-002848,2101
2026-07-04,24030.0,CLP,Pago a proveedor - Caja,CC-001,DOC-001872,1101
2026-06-14,131854.0,CLP,Nomina - Gastos de Venta,CC-005,DOC-000238,5103
2026-05-29,2176758.0,CLP,Anticipo - Caja,CC-005,DOC-002917,1101
2026-06-15,2891781.0,CLP,Transferencia interna - Clientes,CC-004,DOC-001091,1201
2026-05-26,-1177861.0,CLP,Pago de servicios - Impuestos por Pagar,CC-008,DOC-002870,2102
2026-06-03,-2852878.0,CLP,Provision mensual - Impuestos por Pagar,CC-004,DOC-000100,2102
2026-06-12,2022132.0,CLP,Regularizacion - Caja,CC-007,DOC-000315,1101
2025-12-04,1395158.0,CLP,Nomina - Inventario,CC-007,DOC-001023,1301
2026-06-24,-1064401.0,CLP,Transferencia interna - Gastos de Venta,CC-001,DOC-002746,5103
2026-06-22,2671754.0,CLP,Pago a proveedor - Caja,CC-005,DOC-000767,1101
2026-06-06,1816809.0,CLP,Ajuste contable - Costo de Ventas,CC-006,DOC-001344,5101
2026-07-01,-2585148.0,CLP,Pago de servicios - Impuestos por Pagar,CC-007,DOC-000261,2102
2025-09-16,240865.0,CLP,Nota de credito - Clientes,CC-004,DOC-001451,1201
2026-07-07,-220703.0,CLP,Devolucion - Impuestos por Pagar,CC-006,DOC-002834,2102
2026-06-27,-1056544.0,CLP,Ajuste contable - Ventas,CC-004,DOC-000195,4101
2025-10-20,-2048608.0,CLP,Transferencia interna - Prestamos Bancarios,CC-002,DOC-001775,2201
2026-06-17,1474196.0,CLP,Cobro cliente - Inventario,CC-003,DOC-002841,1301
2026-07-29,2733567.0,USD,Regularizacion - Costo de Ventas,CC-001,DOC-001735,5101
2026-07-28,1053591.0,CLP,Cobro cliente - Gastos Administrativos,CC-005,DOC-000179,5102
2026-07-28,672991.0,CLP,Pago a proveedor - Bancos,CC-001,DOC-002922,1102
2026-05-12,457334.0,CLP,Transferencia interna - Gastos Administrativos,CC-006,DOC-000340,5102
2026-06-22,2879611.0,CLP,Devolucion - Clientes,CC-006,DOC-001099,1201
2026-07-19,1784177.0,CLP,Nomina - Proveedores,CC-002,DOC-001543,2101
2025-08-08,1696914.0,CLP,Ajuste contable - Ventas,CC-001,DOC-000748,4101
2026-06-06,2726302.0,CLP,Ajuste contable - Costo de Ventas,CC-005,DOC-002755,5101
2026-06-13,2789493.0,CLP,Compra de mercaderia - Costo de Ventas,CC-003,DOC-000662,5101
2026-05-13,2846351.0,CLP,Nota de debito - Clientes,CC-001,DOC-000480,1201
2026-06-17,333475.0,CLP,Provision mensual - Proveedores,CC-008,DOC-002138,2101
2026-07-17,-1562257.0,USD,Pago de servicios - Gastos de Venta,CC-001,DOC-000871,5103
2026-06-28,-876071.0,CLP,Nomina - Capital,CC-001,DOC-001453,3101
2026-06-26,243029.0,CLP,Ajuste contable - Inventario,CC-008,DOC-000776,1301
2026-07-28,-1537196.0,CLP,Compra de mercaderia - Prestamos Bancarios,CC-002,DOC-000549,2201
2026-08-09,2760915.0,CLP,Pago de servicios - Bancos,CC-002,DOC-002020,1102
2026-07-09,2673532.0,USD,Regularizacion - Costo de Ventas,CC-004,DOC-002708,5101
2025-11-10,472541.0,CLP,Anticipo - Bancos,CC-004,DOC-000742,1102
2026-07-14,-49725.0,CLP,Nomina - Prestamos Bancarios,CC-002,DOC-002415,2201
2026-05-17,-1674689.0,CLP,Compra de mercaderia - Proveedores,CC-006,DOC-002637,2101
2026-06-01,208494.0,CLP,Nota de credito - Ventas,CC-005,DOC-002566,4101
2026-05-31,2685598.0,CLP,Ajuste contable - Proveedores,CC-002,DOC-002292,2101
2026-05-15,669462.0,CLP,Pago de servicios - Ventas,CC-003,DOC-001909,4101
2026-08-05,-2305940.0,USD,Anticipo - Prestamos Bancarios,CC-003,DOC-000790,2201
2026-06-05,315927.0,USD,Devolucion - Ventas,CC-003,DOC-002120,4101
2026-07-11,811158.0,USD,Anticipo - Gastos Administrativos,CC-001,DOC-001446,5102
2026-08-02,1652241.0,CLP,Compra de mercaderia - Gastos Administrativos,CC-003,DOC-000247,5102
2026-06-29,2453239.0,CLP,Devolucion - Costo de Ventas,CC-002,DOC-000829,5101
2026-08-10,-1362176.0,USD,Nota de debito - Capital,CC-004,DOC-001124,3101
2026-07-14,-2589157.0,USD,Pago de servicios - Impuestos por Pagar,CC-005,DOC-002720,2102
2026-06-06,276209.0,CLP,Pago a proveedor - Clientes,CC-004,DOC-000626,1201
2026-06-11,-173064.0,CLP,Ajuste contable - Prestamos Bancarios,CC-002,DOC-000347,2201
2026-06-10,-515684.0,CLP,Nomina - Gastos de Venta,CC-003,DOC-000278,5103
2025-09-03,1383451.0,CLP,Pago de servicios - Proveedores,CC-005,DOC-001783,2101
2026-05-31,2299545.0,CLP,Transferencia interna - Bancos,CC-008,DOC-002280,1102
2026-05-26,1308955.0,CLP,Provision mensual - Clientes,CC-006,DOC-000655,1201
2026-07-04,-2528597.0,CLP,Devolucion - Impuestos por Pagar,CC-002,DOC-001213,2102
2026-07-19,1989524.0,USD,Anticipo - Ventas,CC-008,DOC-000838,4101
2026-06-18,1012839.0,CLP,Cobro cliente - Gastos Administrativos,CC-007,DOC-002624,5102
2025-11-11,691865.0,USD,Cobro cliente - Proveedores,CC-007,DOC-002588,2101
2026-07-31,1639597.0,CLP,Regularizacion - Proveedores,CC-008,DOC-002350,2101
2026-07-09,1238516.0,CLP,Ajuste contable - Caja,CC-001,DOC-001709,1101
2026-07-03,-308991.0,USD,Ajuste contable - Gastos de Venta,CC-003,DOC-002023,5103
2026-07-25,633474.0,CLP,Nota de debito - Gastos de Venta,CC-002,DOC-000976,5103
2025-10-31,-2547773.0,CLP,Cobro cliente - Impuestos por Pagar,CC-004,DOC-000445,2102
2026-05-17,-1968142.0,CLP,Anticipo - Impuestos por Pagar,CC-002,DOC-000617,2102
2026-07-01,-47489.0,CLP,Ajuste contable - Impuestos por Pagar,CC-008,DOC-001474,2102
2026-06-20,1270259.0,CLP,Nomina - Gastos Administrativos,CC-005,DOC-001778,5102
2026-06-30,419135.0,USD,Regularizacion - Inventario,CC-004,DOC-002517,1301
2026-07-20,2516295.0,CLP,Cobro cliente - Proveedores,CC-007,DOC-001244,2101
2025-08-09,-2081832.0,CLP,Ajuste contable - Prestamos Bancarios,CC-003,DOC-000389,2201
2026-06-19,1663761.0,CLP,Nomina - Caja,CC-005,DOC-002552,1101
2026-06-15,-1143860.0,CLP,Ajuste contable - Gastos de Venta,CC-004,DOC-000547,5103
2026-07-23,2691631.0,USD,Compra de mercaderia - Caja,CC-006,DOC-002210,1101
2026-05-12,2206980.0,USD,Provision mensual - Ventas,CC-008,DOC-001623,4101
2026-07-23,294951.0,CLP,Anticipo - Proveedores,CC-007,DOC-000263,2101
2026-06-20,1823619.0,CLP,Anticipo - Ventas,CC-004,DOC-001397,4101
2026-07-10,1136798.0,CLP,Cobro cliente - Caja,CC-006,DOC-002353,1101
2026-07-27,-2412042.0,CLP,Ajuste contable - Capital,CC-004,DOC-001815,3101
2026-06-07,-2237642.0,CLP,Provision mensual - Gastos de Venta,CC-002,DOC-000353,5103
2026-06-22,-1431937.0,CLP,Nomina - Capital,CC-002,DOC-001075,3101
2026-05-19,-2096947.0,CLP,Anticipo - Impuestos por Pagar,CC-002,DOC-000208,2102
2026-07-31,917550.0,USD,Pago de servicios - Ventas,CC-004,DOC-000613,4101
2026-06-09,26421.0,CLP,Anticipo - Inventario,CC-006,DOC-002090,1301
2026-05-25,-2262807.0,USD,Transferencia interna - Capital,CC-005,DOC-002099,3101
2026-07-23,1884177.0,CLP,Cobro cliente - Proveedores,CC-002,DOC-001498,2101
2026-06-27,207356.0,CLP,Transferencia interna - Caja,CC-005,DOC-001135,1101
2026-08-02,-1400120.0,CLP,Pago a proveedor - Capital,CC-005,DOC-002880,3101
2026-07-06,-1370550.0,CLP,Anticipo - Impuestos por Pagar,CC-008,DOC-002078,2102
2026-07-08,539811.0,USD,Compra de mercaderia - Bancos,CC-001,DOC-000057,1102
2026-07-25,708855.0,CLP,Regularizacion - Caja,CC-006,DOC-002483,1101
2026-06-13,-2676715.0,CLP,Pago de servicios - Capital,CC-008,DOC-000811,3101
2026-06-17,2685291.0,CLP,Provision mensual - Proveedores,CC-002,DOC-002195,2101
2026-07-27,-2663344.0,CLP,Cobro cliente - Capital,CC-005,DOC-000561,3101
2026-06-22,970031.0,CLP,Pago a proveedor - Ventas,CC-008,DOC-002277,4101
2026-06-27,-727172.0,CLP,Cobro cliente - Impuestos por Pagar,CC-006,DOC-000229,2102
2026-06-30,1973455.0,CLP,Devolucion - Bancos,CC-005,DOC-002509,1102
2026-06-27,1910849.0,CLP,Pago de servicios - Costo de Ventas,CC-001,DOC-001721,5101
2026-07-06,326624.0,CLP,Compra de mercaderia - Clientes,CC-007,DOC-002179,1201
2026-07-22,-75938.0,CLP,Pago a proveedor - Ventas,CC-005,DOC-001450,4101
2026-07-30,-867296.0,CLP,Transferencia interna - Capital,CC-006,DOC-001234,3101
2026-06-01,2855941.0,CLP,Nomina - Caja,CC-005,DOC-001071,1101
2026-06-16,1491753.0,CLP,Transferencia interna - Proveedores,CC-005,DOC-002849,2101
2026-07-21,2748093.0,CLP,Nota de debito - Inventario,CC-007,DOC-001037,1301
2026-08-06,-583313.0,CLP,Transferencia interna - Gastos de Venta,CC-007,DOC-000889,5103
2026-06-21,-2062123.0,CLP,Nota de credito - Impuestos por Pagar,CC-007,DOC-001053,2102
2026-06-03,71282.0,USD,Compra de mercaderia - Caja,CC-005,DOC-000707,1101
2026-08-09,-2960713.0,CLP,Anticipo - Ventas,CC-007,DOC-000424,4101
2026-05-13,1556283.0,CLP,Provision mensual - Inventario,CC-002,DOC-000069,1301
2026-01-02,1171729.0,CLP,Transferencia interna - Caja,CC-007,DOC-002249,1101
2026-06-28,2580232.0,CLP,Pago de servicios - Gastos Administrativos,CC-003,DOC-002535,5102
2026-07-22,925906.0,CLP,Nota de debito - Gastos de Venta,CC-007,DOC-002839,5103
2026-07-13,886823.0,CLP,Nomina - Bancos,CC-007,DOC-002406,1102
2026-06-21,448297.0,CLP,Transferencia interna - Inventario,CC-001,DOC-000750,1301
2026-07-26,-1356618.0,CLP,Regularizacion - Ventas,CC-004,DOC-002581,4101
2026-06-06,-1168317.0,CLP,Compra de mercaderia - Proveedores,CC-006,DOC-002092,2101
2026-07-25,-2695354.0,CLP,Nota de debito - Capital,CC-005,DOC-000940,3101
2026-05-20,1311192.0,CLP,Ajuste contable - Inventario,CC-006,DOC-000620,1301
2026-08-06,2650698.0,CLP,Anticipo - Ventas,CC-008,DOC-002519,4101
2026-08-10,1091637.0,CLP,Pago a proveedor - Inventario,CC-002,DOC-001196,1301
2026-05-14,704148.0,CLP,Pago de servicios - Inventario,CC-008,DOC-002067,1301
2026-07-27,952887.0,CLP,Compra de mercaderia - Ventas,CC-003,DOC-001032,4101
2026-07-26,582572.0,CLP,Regularizacion - Ventas,CC-003,DOC-001505,4101
2026-06-12,-2423406.0,CLP,Transferencia interna - Prestamos Bancarios,CC-001,DOC-001576,2201
2025-09-11,-2584219.0,CLP,Regularizacion - Impuestos por Pagar,CC-002,DOC-002130,2102
2026-03-26,16504.0,CLP,Provision mensual - Clientes,CC-004,DOC-002044,1201
2025-07-26,-187076.0,CLP,Nomina - Proveedores,CC-008,DOC-001395,2101
2026-05-29,2844874.0,CLP,Pago a proveedor - Gastos Administrativos,CC-008,DOC-000279,5102
2026-08-02,955268.0,USD,Transferencia interna - Inventario,CC-004,DOC-001465,1301
2026-05-18,1704045.0,CLP,Pago a proveedor - Caja,CC-002,DOC-001503,1101
2026-06-17,883887.0,CLP,Pago a proveedor - Inventario,CC-005,DOC-002282,1301
2026-08-01,1870134.0,CLP,Cobro cliente - Clientes,CC-003,DOC-002838,1201
2026-05-27,-2023844.0,CLP,Provision mensual - Impuestos por Pagar,CC-002,DOC-002723,2102
2026-06-06,229769.0,CLP,Compra de mercaderia - Clientes,CC-004,DOC-000553,1201
2025-11-14,1815298.0,CLP,Cobro cliente - Clientes,CC-007,DOC-000834,1201
2026-05-21,1420261.0,CLP,Nomina - Proveedores,CC-003,DOC-000962,2101
2026-07-01,1578558.0,USD,Regularizacion - Bancos,CC-002,DOC-000596,1102
2026-05-15,809210.0,CLP,Compra de mercaderia - Ventas,CC-001,DOC-002451,4101
2026-05-22,1589195.0,CLP,Nota de credito - Costo de Ventas,CC-005,DOC-000802,5101
2026-06-07,547794.0,CLP,Nota de debito - Ventas,CC-001,DOC-002136,4101
2026-08-02,699288.0,CLP,Devolucion - Proveedores,CC-003,DOC-002194,2101
2025-10-10,2279842.0,CLP,Pago a proveedor - Caja,CC-002,DOC-002719,1101
2026-08-04,542136.0,CLP,Pago a proveedor - Bancos,CC-007,DOC-000440,1102
2026-07-07,2691609.0,CLP,Nota de debito - Caja,CC-005,DOC-000508,1101
2026-05-28,-2838456.0,CLP,Nota de debito - Prestamos Bancarios,CC-007,DOC-000076,2201
2026-07-30,110401.0,CLP,Anticipo - Proveedores,CC-002,DOC-002481,2101
2026-07-01,1229491.0,CLP,Nomina - Gastos Administrativos,CC-005,DOC-000649,5102
2026-06-06,2998291.0,USD,Pago de servicios - Costo de Ventas,CC-005,DOC-000522,5101
2026-07-13,1525145.0,CLP,Devolucion - Caja,CC-005,DOC-001487,1101
2026-06-21,737253.0,CLP,Provision mensual - Gastos Administrativos,CC-008,DOC-002208,5102
2026-07-30,-81792.0,CLP,Nota de debito - Impuestos por Pagar,CC-003,DOC-001494,2102
2026-05-15,2121836.0,USD,Pago a proveedor - Ventas,CC-002,DOC-000654,4101
2026-06-05,-1812152.0,CLP,Transferencia interna - Gastos de Venta,CC-004,DOC-002816,5103
2026-05-15,-924905.0,CLP,Ajuste contable - Proveedores,CC-008,DOC-001538,2101
2026-08-01,-2367624.0,USD,Nota de debito - Proveedores,CC-003,DOC-001423,2101
2026-05-28,102636.0,CLP,Nomina - Inventario,CC-002,DOC-001651,1301
2026-08-05,-2941866.0,CLP,Nota de credito - Capital,CC-005,DOC-000630,3101
2026-07-08,2824830.0,CLP,Nota de debito - Inventario,CC-003,DOC-002541,1301
2026-07-25,806434.0,CLP,Cobro cliente - Bancos,CC-006,DOC-001507,1102
2026-07-11,459350.0,CLP,Provision mensual - Ventas,CC-003,DOC-002176,4101
2026-07-11,-1043696.0,CLP,Devolucion - Impuestos por Pagar,CC-002,DOC-000482,2102
2026-07-13,1775298.0,CLP,Cobro cliente - Inventario,CC-008,DOC-001927,1301
2026-08-09,2154289.0,CLP,Cobro cliente - Caja,CC-002,DOC-001113,1101
2025-12-26,1211938.0,CLP,Compra de mercaderia - Caja,CC-006,DOC-002563,1101
2026-08-08,2089617.0,CLP,Pago a proveedor - Inventario,CC-004,DOC-001088,1301
2026-04-23,1660830.0,USD,Nota de credito - Clientes,CC-007,DOC-000438,1201
2026-06-24,1560542.0,CLP,Transferencia interna - Costo de Ventas,CC-004,DOC-001717,5101
2026-06-14,-2879503.0,CLP,Nota de debito - Impuestos por Pagar,CC-007,DOC-002443,2102
2026-05-28,940937.0,CLP,Pago de servicios - Gastos Administrativos,CC-001,DOC-000856,5102
2026-05-13,138939.0,CLP,Ajuste contable - Ventas,CC-004,DOC-001983,4101
2026-01-10,1768615.0,CLP,Compra de mercaderia - Clientes,CC-001,DOC-000166,1201
2026-07-17,-767894.0,CLP,Pago a proveedor - Prestamos Bancarios,CC-004,DOC-000059,2201
2026-05-16,2661499.0,USD,Nota de credito - Gastos Administrativos,CC-006,DOC-000611,5102
2026-07-18,2841036.0,CLP,Provision mensual - Gastos de Venta,CC-006,DOC-000530,5103
2026-07-07,1500642.0,CLP,Nota de credito - Gastos de Venta,CC-005,DOC-002787,5103
2026-06-02,-112904.0,CLP,Nomina - Gastos de Venta,CC-003,DOC-000049,5103
2025-10-29,-2411218.0,CLP,Cobro cliente - Capital,CC-006,DOC-001883,3101
2026-05-17,1021921.0,CLP,Nomina - Ventas,CC-004,DOC-001011,4101
2026-05-14,2768979.0,CLP,Anticipo - Proveedores,CC-005,DOC-000858,2101
2026-07-18,2643285.0,CLP,Regularizacion - Gastos Administrativos,CC-003,DOC-001017,5102
2026-06-01,2118474.0,CLP,Cobro cliente - Clientes,CC-002,DOC-000048,1201
2026-06-26,1935502.0,CLP,Nota de debito - Gastos Administrativos,CC-002,DOC-000719,5102
2026-03-23,-353955.0,CLP,Pago a proveedor - Gastos de Venta,CC-001,DOC-002390,5103
2026-06-07,1539915.0,CLP,Nomina - Ventas,CC-007,DOC-002652,4101
2025-09-24,382699.0,CLP,Compra de mercaderia - Clientes,CC-006,DOC-002246,1201
2026-07-01,2652375.0,USD,Devolucion - Inventario,CC-005,DOC-001159,1301
2026-07-13,1551533.0,CLP,Transferencia interna - Ventas,CC-008,DOC-000632,4101
2026-07-24,1733329.0,CLP,Regularizacion - Gastos Administrativos,CC-006,DOC-001338,5102
2026-07-26,1268643.0,CLP,Nomina - Bancos,CC-001,DOC-002127,1102
2026-01-01,967047.0,CLP,Nomina - Inventario,CC-006,DOC-002602,1301
2026-06-18,453403.0,CLP,Nota de credito - Caja,CC-003,DOC-001436,1101
2026-05-27,664551.0,CLP,Devolucion - Costo de Ventas,CC-001,DOC-000025,5101
2026-06-06,2539667.0,USD,Anticipo - Ventas,CC-004,DOC-001869,4101
2026-07-21,-822010.0,CLP,Nomina - Proveedores,CC-002,DOC-000219,2101
2026-08-04,-1655925.0,CLP,Regularizacion - Capital,CC-003,DOC-002818,3101
2026-06-18,-1753188.0,CLP,Nota de credito - Impuestos por Pagar,CC-001,DOC-000276,2102
2026-08-07,1254863.0,CLP,Nota de credito - Bancos,CC-003,DOC-002157,1102
2026-06-17,-1571894.0,CLP,Cobro cliente - Impuestos por Pagar,CC-003,DOC-001480,2102
2026-07-03,1176316.0,CLP,Nomina - Gastos de Venta,CC-004,DOC-001235,5103
2026-05-25,-1978621.0,CLP,Regularizacion - Prestamos Bancarios,CC-005,DOC-001593,2201
2026-06-02,-1034129.0,CLP,Regularizacion - Capital,CC-001,DOC-000999,3101
2026-07-13,1023511.0,CLP,Transferencia interna - Caja,CC-004,DOC-002140,1101
2025-10-12,-1166460.0,CLP,Regularizacion - Prestamos Bancarios,CC-004,DOC-000361,2201
2026-07-30,218046.0,CLP,Transferencia interna - Costo de Ventas,CC-005,DOC-001457,5101
2026-07-08,329934.0,CLP,Provision mensual - Proveedores,CC-002,DOC-001993,2101
2026-05-29,-2639353.0,CLP,Pago de servicios - Prestamos Bancarios,CC-005,DOC-001671,2201
2026-07-14,224273.0,CLP,Nomina - Bancos,CC-004,DOC-002334,1102
2026-07-01,1534834.0,CLP,Regularizacion - Costo de Ventas,CC-006,DOC-001650,5101
2026-06-05,747676.0,CLP,Nota de credito - Caja,CC-003,DOC-001835,1101
2026-07-20,-1305046.0,CLP,Pago a proveedor - Impuestos por Pagar,CC-003,DOC-001114,2102
2026-08-02,-2282511.0,CLP,Cobro cliente - Capital,CC-008,DOC-001846,3101
2026-07-15,2544969.0,USD,Provision mensual - Clientes,CC-001,DOC-001317,1201
2026-06-07,2446780.0,CLP,Nota de debito - Bancos,CC-007,DOC-002629,1102
2026-07-04,1705505.0,CLP,Ajuste contable - Caja,CC-007,DOC-000297,1101
2025-09-18,-951199.0,CLP,Compra de mercaderia - Prestamos Bancarios,CC-004,DOC-001313,2201
2026-08-08,-883042.0,CLP,Ajuste contable - Ventas,CC-008,DOC-000937,4101
2026-05-25,2035876.0,CLP,Ajuste contable - Caja,CC-002,DOC-000240,1101
2026-06-01,-2915600.0,USD,Provision mensual - Capital,CC-004,DOC-001432,3101
2026-05-15,1039154.0,CLP,Nota de credito - Costo de Ventas,CC-003,DOC-000582,5101
2025-09-01,2836313.0,CLP,Provision mensual - Clientes,CC-004,DOC-002906,1201
2026-05-19,177350.0,CLP,Ajuste contable - Ventas,CC-002,DOC-001954,4101
2026-07-26,546089.0,CLP,Ajuste contable - Inventario,CC-001,DOC-001334,1301
2026-06-22,2120203.0,CLP,Pago de servicios - Ventas,CC-002,DOC-001729,4101
2025-12-22,1462474.0,CLP,Ajuste contable - Clientes,CC-005,DOC-001672,1201
2026-06-02,1692712.0,CLP,Pago de servicios - Gastos Administrativos,CC-001,DOC-000350,5102
2026-07-11,1260145.0,CLP,Ajuste contable - Inventario,CC-001,DOC-002745,1301
2026-07-01,-2538176.0,CLP,Nota de credito - Impuestos por Pagar,CC-007,DOC-001220,2102
2026-05-14,2663225.0,CLP,Pago a proveedor - Inventario,CC-002,DOC-000349,1301
2026-05-25,-2839082.0,CLP,Anticipo - Ventas,CC-007,DOC-001518,4101
2026-07-05,101987.0,CLP,Pago a proveedor - Inventario,CC-006,DOC-002547,1301
2026-07-19,1430228.0,CLP,Pago a proveedor - Clientes,CC-002,DOC-000643,1201
2026-08-08,-1710878.0,CLP,Anticipo - Impuestos por Pagar,CC-007,DOC-002835,2102
2025-11-30,1725703.0,CLP,Pago de servicios - Bancos,CC-003,DOC-000944,1102
2026-08-09,-467914.0,CLP,Anticipo - Gastos de Venta,CC-007,DOC-001462,5103
2026-08-03,2837419.0,CLP,Transferencia interna - Gastos de Venta,CC-001,DOC-000657,5103
2026-07-30,-2878212.0,CLP,Regularizacion - Prestamos Bancarios,CC-003,DOC-002702,2201
2026-08-03,1320843.0,CLP,Nomina - Caja,CC-005,DOC-002893,1101
2026-06-16,1376195.0,USD,Ajuste contable - Clientes,CC-002,DOC-001236,1201
2026-07-13,-2599545.0,CLP,Anticipo - Prestamos Bancarios,CC-002,DOC-002467,2201
2026-07-31,853384.0,CLP,Nomina - Inventario,CC-005,DOC-000647,1301
2026-05-17,-2355444.0,CLP,Devolucion - Impuestos por Pagar,CC-003,DOC-001125,2102
2026-06-11,1027254.0,CLP,Cobro cliente - Inventario,CC-005,DOC-001110,1301
2026-07-14,-1353758.0,CLP,Cobro cliente - Capital,CC-001,DOC-002650,3101
2026-06-15,-2687862.0,CLP,Ajuste contable - Impuestos por Pagar,CC-006,DOC-001940,2102
2026-06-17,2896157.0,CLP,Pago a proveedor - Gastos Administrativos,CC-004,DOC-000538,5102
2025-11-04,514518.0,CLP,Pago a proveedor - Clientes,CC-007,DOC-001048,1201
,-552694.0,USD,Compra de mercaderia - Gastos de Venta,CC-007,DOC-000557,5103
2026-07-26,1635412.0,CLP,Anticipo - Ventas,CC-002,DOC-002375,4101
2026-06-12,2140106.0,CLP,Ajuste contable - Proveedores,CC-007,DOC-002209,2101
2026-06-23,2318811.0,CLP,Cobro cliente - Inventario,CC-002,DOC-002338,1301
2026-07-07,2624881.0,CLP,Pago de servicios - Proveedores,CC-004,DOC-002162,2101
2026-06-04,-633487.0,CLP,Pago a proveedor - Impuestos por Pagar,CC-002,DOC-000801,2102
2026-05-13,1641489.0,CLP,Pago de servicios - Clientes,CC-008,DOC-000786,1201
2026-06-27,-2829199.0,CLP,Nota de debito - Capital,CC-001,DOC-002694,3101
2026-07-28,732668.0,CLP,Cobro cliente - Caja,CC-003,DOC-002040,1101
2026-05-19,-2721952.0,CLP,Cobro cliente - Proveedores,CC-002,DOC-000788,2101
2025-08-25,-1848835.0,CLP,Anticipo - Impuestos por Pagar,CC-004,DOC-002183,2102
2026-07-08,-243423.0,CLP,Pago de servicios - Impuestos por Pagar,CC-003,DOC-002468,2102
2026-06-19,-1127576.0,CLP,Nomina - Capital,CC-003,DOC-002013,3101
2026-08-05,2235450.0,CLP,Cobro cliente - Clientes,CC-005,DOC-000714,1201
2026-07-01,-782682.0,CLP,Anticipo - Prestamos Bancarios,CC-006,DOC-000803,2201
2026-07-21,-1107394.0,CLP,Nota de debito - Prestamos Bancarios,CC-005,DOC-002008,2201
2026-06-25,1733937.0,CLP,Nota de credito - Bancos,CC-001,DOC-002761,1102
2026-08-07,-2919575.0,CLP,Ajuste contable - Gastos de Venta,CC-005,DOC-000123,5103
2026-06-22,1742573.0,CLP,Nomina - Gastos Administrativos,CC-007,DOC-001808,5102
2026-07-29,1090784.0,CLP,Pago de servicios - Ventas,CC-006,DOC-002286,4101
2026-05-31,124069.0,CLP,Compra de mercaderia - Costo de Ventas,CC-003,DOC-002147,5101
2026-06-14,988397.0,CLP,Nota de credito - Inventario,CC-003,DOC-000618,1301
2026-05-21,,CLP,Regularizacion - Gastos de Venta,CC-007,DOC-000406,5103
2026-07-05,141227.0,CLP,Anticipo - Costo de Ventas,CC-002,DOC-001157,5101
2025-09-18,2492944.0,CLP,Transferencia interna - Clientes,CC-005,DOC-001068,1201
2026-07-03,885474.0,CLP,Nota de debito - Proveedores,CC-007,DOC-001133,2101
2026-05-26,958427.0,CLP,Transferencia interna - Gastos de Venta,CC-002,DOC-002905,5103
2026-08-03,2523188.0,CLP,Nomina - Costo de Ventas,CC-008,DOC-000497,5101
2026-07-01,-2211923.0,CLP,Ajuste contable - Prestamos Bancarios,CC-008,DOC-001061,2201
2026-07-03,2573336.0,CLP,Transferencia interna - Inventario,CC-001,DOC-000325,1301
2025-08-02,1236959.0,CLP,Nota de credito - Caja,CC-005,DOC-000342,1101
2026-04-21,-1876926.0,CLP,Nomina - Gastos de Venta,CC-008,DOC-002356,5103
2026-07-31,989681.0,CLP,Transferencia interna - Caja,CC-001,DOC-002266,1101
2026-06-13,2481895.0,USD,Regularizacion - Ventas,CC-007,DOC-000782,4101
2026-07-12,2164767.0,CLP,Regularizacion - Clientes,CC-003,DOC-002367,1201
2026-08-10,-786052.0,CLP,Nota de debito - Impuestos por Pagar,CC-005,DOC-000299,2102
2026-05-15,-132813.0,CLP,Nota de debito - Ventas,CC-004,DOC-001461,4101
2026-06-04,-776863.0,CLP,Nota de credito - Impuestos por Pagar,CC-002,DOC-002373,2102
2026-05-25,-1124006.0,CLP,Transferencia interna - Capital,CC-004,DOC-000303,3101
2026-08-05,-722887.0,CLP,Compra de mercaderia - Prestamos Bancarios,CC-005,DOC-001237,2201
2026-06-23,2866579.0,CLP,Transferencia interna - Bancos,CC-005,DOC-002571,1102
2026-06-07,233949.0,CLP,Transferencia interna - Bancos,CC-004,DOC-001656,1102
2026-05-29,754174.0,CLP,Transferencia interna - Ventas,CC-004,DOC-000664,4101
2026-06-19,-187106.0,CLP,Pago de servicios - Proveedores,CC-007,DOC-001690,2101
2026-06-27,2791763.0,CLP,Nomina - Inventario,CC-006,DOC-000220,1301
2026-07-24,2525069.0,CLP,Regularizacion - Proveedores,CC-004,DOC-001626,2101
2026-05-28,1310365.0,USD,Nota de debito - Caja,CC-006,DOC-001188,1101
2026-07-23,2300120.0,CLP,Nota de debito - Bancos,CC-002,DOC-001455,1102
2026-08-03,1307774.0,USD,Provision mensual - Bancos,CC-005,DOC-000449,1102
2026-06-30,1114265.0,CLP,Cobro cliente - Costo de Ventas,CC-004,DOC-002002,5101
2026-07-10,1235315.0,CLP,Ajuste contable - Inventario,CC-002,DOC-002616,1301
2026-07-11,383032.0,CLP,Anticipo - Caja,CC-004,DOC-000084,1101
2026-07-05,2310400.0,CLP,Pago de servicios - Inventario,CC-005,DOC-000941,1301
2026-06-12,-677438.0,CLP,Ajuste contable - Capital,CC-005,DOC-000961,3101
2026-08-03,-276146.0,CLP,Anticipo - Capital,CC-001,DOC-000841,3101
2026-07-22,1882783.0,CLP,Pago a proveedor - Costo de Ventas,CC-002,DOC-001326,5101
2026-07-29,-1387831.0,CLP,Nomina - Impuestos por Pagar,CC-001,DOC-002378,2102
2026-07-01,1076847.0,USD,Provision mensual - Clientes,CC-006,DOC-002430,1201
2026-06-10,2879298.0,USD,Cobro cliente - Clientes,CC-007,DOC-001373,1201
2026-07-21,1223688.0,USD,Transferencia interna - Caja,CC-008,DOC-000290,1101
2026-06-30,2371462.0,CLP,Anticipo - Caja,CC-006,DOC-001867,1101
2026-06-09,2205771.0,CLP,Transferencia interna - Gastos de Venta,CC-005,DOC-001554,5103
2026-05-13,2636519.0,CLP,Nomina - Bancos,CC-002,DOC-000604,1102
2026-07-17,-1542701.0,USD,Pago a proveedor - Impuestos por Pagar,CC-008,DOC-002032,2102
2025-11-17,-663461.0,CLP,Ajuste contable - Prestamos Bancarios,CC-003,DOC-000916,
2026-08-09,-2793301.0,CLP,Ajuste contable - Capital,CC-007,DOC-002632,3101
2026-06-15,841130.0,CLP,Provision mensual - Clientes,CC-001,DOC-002337,1201
2026-07-15,1501280.0,CLP,Nota de credito - Clientes,CC-006,DOC-002098,1201
2026-07-15,2047736.0,CLP,Nomina - Caja,CC-008,DOC-002437,1101
2026-06-13,1165827.0,CLP,Cobro cliente - Inventario,CC-001,DOC-000821,1301
2026-06-10,-537806.0,CLP,Anticipo - Ventas,CC-003,DOC-002469,4101
2026-07-26,1153971.0,CLP,Nomina - Caja,CC-008,DOC-001000,1101
2026-07-16,-303539.0,CLP,Nomina - Proveedores,CC-005,DOC-001703,2101
2026-06-07,-2738320.0,CLP,Devolucion - Ventas,CC-004,DOC-000018,4101
2025-07-21,1523376.0,CLP,Pago a proveedor - Clientes,CC-008,DOC-001777,1201
2026-07-16,1358980.0,CLP,Provision mensual - Inventario,CC-005,DOC-001208,1301
2026-01-30,-2999277.0,CLP,Anticipo - Ventas,CC-007,DOC-002560,4101
2026-06-01,1946619.0,CLP,Nota de debito - Inventario,CC-006,DOC-001936,1301
2026-07-24,-496893.0,CLP,Transferencia interna - Impuestos por Pagar,CC-001,DOC-001718,2102
2026-05-19,2765207.0,CLP,Regularizacion - Clientes,CC-008,DOC-001427,1201
2026-08-02,1389698.0,CLP,Ajuste contable - Costo de Ventas,CC-002,DOC-002241,5101
2026-07-24,-56352.0,CLP,Transferencia interna - Capital,CC-007,DOC-002310,3101
2026-08-09,2886688.0,CLP,Nota de credito - Ventas,CC-003,DOC-001357,4101
2026-07-23,-2214888.0,CLP,Pago a proveedor - Capital,CC-003,DOC-002057,3101
2025-11-11,1664888.0,CLP,Nota de debito - Bancos,CC-006,DOC-000360,1102
2026-07-07,2895605.0,CLP,Transferencia interna - Inventario,CC-006,DOC-002270,1301
2026-08-03,-1576415.0,CLP,Nomina - Capital,CC-003,DOC-002084,3101
2026-08-02,2400356.0,CLP,Compra de mercaderia - Proveedores,CC-002,DOC-001564,2101
2026-07-11,579837.0,CLP,Pago de servicios - Bancos,CC-005,DOC-000344,1102
2026-06-08,2288010.0,CLP,Regularizacion - Bancos,CC-001,DOC-000986,1102
2026-07-10,-1861200.0,CLP,Compra de mercaderia - Gastos de Venta,CC-004,DOC-001260,5103
2026-07-26,502760.0,CLP,Cobro cliente - Clientes,CC-001,DOC-001713,1201
2026-05-14,-286074.0,CLP,Anticipo - Gastos de Venta,CC-008,DOC-001720,5103
2026-06-29,2544073.0,CLP,Pago a proveedor - Costo de Ventas,CC-001,DOC-002646,5101
2026-07-13,595819.0,CLP,Transferencia interna - Caja,CC-002,DOC-002886,1101
2026-05-30,2634027.0,CLP,Nomina - Clientes,CC-003,DOC-001575,1201
2026-06-24,-507528.0,CLP,Nota de credito - Capital,CC-002,DOC-000085,3101
2025-08-31,2411848.0,CLP,Pago a proveedor - Clientes,CC-005,DOC-002063,1201
2026-05-16,2247620.0,CLP,Ajuste contable - Proveedores,CC-008,DOC-000668,2101
2026-07-29,-1777635.0,CLP,Regularizacion - Gastos de Venta,CC-008,DOC-001014,5103
2026-06-07,-805182.0,CLP,Nota de credito - Impuestos por Pagar,CC-005,DOC-000128,2102
2026-07-22,780265.0,CLP,Devolucion - Inventario,CC-006,DOC-001873,1301
2026-07-23,-552093.0,CLP,Nomina - Ventas,CC-003,DOC-001146,4101
2026-04-13,1016467.0,CLP,Nomina - Caja,CC-002,DOC-000891,1101
2026-06-07,323101.0,CLP,Pago de servicios - Bancos,CC-006,DOC-002471,1102
2026-07-30,-2697174.0,CLP,Ajuste contable - Gastos de Venta,CC-007,DOC-000307,5103
2026-06-22,-18328.0,CLP,Compra de mercaderia - Capital,CC-002,DOC-000383,3101
2026-06-04,-2694913.0,CLP,Pago a proveedor - Gastos de Venta,CC-007,DOC-001833,5103
2026-06-17,-2486171.0,CLP,Pago a proveedor - Capital,CC-007,DOC-001127,3101
2026-08-09,790245.0,CLP,Pago a proveedor - Caja,CC-007,DOC-000426,1101
2026-06-22,558719.0,CLP,Pago de servicios - Bancos,CC-003,DOC-000494,1102
2026-08-10,1293817.0,CLP,Pago a proveedor - Caja,CC-001,DOC-001565,1101
2026-08-09,1720196.0,USD,Anticipo - Caja,CC-005,DOC-002791,1101
2026-06-15,-938289.0,CLP,Nota de credito - Gastos de Venta,CC-002,DOC-002611,5103
2026-05-22,-572695.0,CLP,Regularizacion - Impuestos por Pagar,CC-007,DOC-001251,2102
2026-08-10,-1373473.0,CLP,Nota de credito - Impuestos por Pagar,CC-003,DOC-001295,2102
2026-06-03,1472091.0,CLP,Pago a proveedor - Ventas,CC-006,DOC-000275,4101
2026-07-21,165399.0,CLP,Provision mensual - Costo de Ventas,CC-007,DOC-000489,5101
2026-05-16,917460.0,CLP,Regularizacion - Proveedores,CC-007,DOC-001957,2101
2026-07-01,-1960774.0,CLP,Anticipo - Impuestos por Pagar,CC-007,DOC-000690,2102
2026-08-02,189551.0,USD,Pago a proveedor - Proveedores,CC-007,DOC-002051,2101
2026-08-05,499839.0,CLP,Cobro cliente - Gastos Administrativos,CC-001,DOC-002238,5102
2026-07-24,984696.0,CLP,Transferencia interna - Bancos,CC-008,DOC-001242,1102
2026-07-16,-886132.0,CLP,Regularizacion - Prestamos Bancarios,CC-007,DOC-002673,2201
2026-07-25,971797.0,CLP,Pago de servicios - Proveedores,CC-008,DOC-002079,2101
2026-07-25,-273496.0,CLP,Nomina - Impuestos por Pagar,CC-003,DOC-001058,2102
2026-06-09,2907320.0,CLP,Nomina - Costo de Ventas,CC-006,DOC-000118,5101
2025-10-25,557513.0,CLP,Nota de debito - Inventario,CC-002,DOC-001995,1301
2026-08-08,-83313.0,CLP,Cobro cliente - Gastos de Venta,CC-003,DOC-002285,5103
2026-05-12,-418557.0,CLP,Devolucion - Gastos de Venta,CC-008,DOC-000281,5103
2026-06-03,193331.0,USD,Pago de servicios - Clientes,CC-006,DOC-002807,1201
2026-07-07,-2142523.0,CLP,Regularizacion - Gastos de Venta,CC-006,DOC-002335,5103
2026-05-22,2205685.0,CLP,Devolucion - Gastos Administrativos,CC-004,DOC-002762,5102
2026-07-26,-2919482.0,CLP,Devolucion - Gastos de Venta,CC-006,DOC-000005,5103
2026-05-23,1318396.0,CLP,Transferencia interna - Bancos,CC-002,DOC-001179,1102
2026-03-01,2680407.0,CLP,Nomina - Inventario,CC-002,DOC-001602,1301
2026-07-30,-1808445.0,CLP,Pago de servicios - Impuestos por Pagar,CC-006,DOC-002116,2102
2026-05-26,2620040.0,CLP,Transferencia interna - Inventario,CC-006,DOC-000304,1301
2026-06-03,750821.0,CLP,Regularizacion - Gastos Administrativos,CC-005,DOC-001844,5102
2026-07-30,499514.0,CLP,Nota de credito - Bancos,CC-005,DOC-001356,1102
2026-04-19,-2919370.0,CLP,Compra de mercaderia - Prestamos Bancarios,CC-005,DOC-002436,2201
2026-07-17,-2151780.0,CLP,Nomina - Capital,CC-001,DOC-000575,3101
2026-07-18,1945280.0,CLP,Regularizacion - Gastos Administrativos,CC-007,DOC-001871,5102
2026-05-16,2176618.0,CLP,Pago de servicios - Caja,CC-003,DOC-002845,1101
2026-06-24,777975.0,CLP,Nomina - Inventario,CC-003,DOC-002623,1301
2026-08-07,683892.0,CLP,Pago de servicios - Caja,CC-005,DOC-001417,1101
2026-08-08,2128480.0,CLP,Anticipo - Bancos,CC-005,DOC-001795,1102
2026-07-01,902707.0,CLP,Devolucion - Inventario,CC-005,DOC-000843,1301
2026-07-16,1137360.0,CLP,Nota de credito - Caja,CC-003,DOC-002812,1101
2026-04-15,-1712994.0,CLP,Regularizacion - Impuestos por Pagar,CC-005,DOC-000269,2102
2026-01-26,1556066.0,CLP,Nomina - Inventario,CC-008,DOC-000629,1301
2026-06-24,-2464989.0,CLP,Anticipo - Impuestos por Pagar,CC-001,DOC-001033,2102
2026-04-01,1042359.0,CLP,Transferencia interna - Proveedores,CC-004,DOC-000286,2101
2026-06-22,2661704.0,CLP,Cobro cliente - Caja,CC-005,DOC-002211,1101
2026-05-29,-39250.0,CLP,Nota de credito - Impuestos por Pagar,CC-004,DOC-000300,2102
2026-06-09,1303248.0,CLP,Anticipo - Clientes,CC-005,DOC-001510,1201
2026-05-15,277444.0,CLP,Nota de credito - Costo de Ventas,CC-007,DOC-001811,5101
2026-06-06,1993242.0,CLP,Cobro cliente - Gastos Administrativos,CC-004,DOC-000065,5102
2026-06-10,-2589187.0,USD,Nota de credito - Impuestos por Pagar,CC-003,DOC-002397,2102
2026-05-20,926654.0,CLP,Nota de debito - Bancos,CC-008,DOC-000890,1102
2026-07-29,-1415048.0,CLP,Nota de credito - Capital,CC-004,DOC-001767,3101
2026-06-09,-2086824.0,CLP,Cobro cliente - Prestamos Bancarios,CC-007,DOC-001731,2201
2026-05-15,-713332.0,CLP,Pago de servicios - Impuestos por Pagar,CC-007,DOC-001376,2102
2025-08-05,1018949.0,CLP,Nota de debito - Clientes,CC-008,DOC-000230,1201
2026-08-09,2360719.0,CLP,Nomina - Proveedores,CC-002,DOC-000503,2101
2026-06-22,1628220.0,CLP,Anticipo - Costo de Ventas,CC-007,DOC-002459,5101
2026-06-22,546114.0,CLP,Devolucion - Caja,CC-007,DOC-001350,1101
2026-06-29,89006.0,CLP,Regularizacion - Bancos,CC-002,DOC-001444,1102
2026-07-27,-137150.0,CLP,Cobro cliente - Capital,CC-002,DOC-002551,3101
2025-07-13,-2912758.0,CLP,Pago de servicios - Prestamos Bancarios,CC-005,DOC-001004,2201
2026-05-23,734855.0,CLP,Transferencia interna - Costo de Ventas,CC-007,DOC-000836,5101
2026-05-28,911771.0,CLP,Devolucion - Costo de Ventas,CC-008,DOC-001588,5101
2026-06-26,503184.0,CLP,Anticipo - Inventario,CC-007,DOC-000374,1301
2026-07-07,163330.0,CLP,Pago de servicios - Clientes,CC-004,DOC-001352,1201
2026-07-07,-78117.0,CLP,Provision mensual - Gastos de Venta,CC-008,DOC-002110,5103
2025-10-21,-749637.0,CLP,Nota de credito - Gastos de Venta,CC-003,DOC-001786,5103
2026-03-16,-1714381.0,CLP,Ajuste contable - Prestamos Bancarios,CC-007,DOC-001803,2201
2026-07-07,205442.0,CLP,Provision mensual - Costo de Ventas,CC-005,DOC-002071,5101
2026-07-31,1198588.0,CLP,Nota de debito - Ventas,CC-003,DOC-000751,4101
2026-07-07,-923336.0,CLP,Nota de credito - Impuestos por Pagar,CC-004,DOC-000099,2102
2026-05-20,1979806.0,CLP,Nota de credito - Proveedores,CC-004,DOC-001723,2101
2026-06-11,907595.0,CLP,Nota de debito - Clientes,CC-004,DOC-000866,1201
2026-08-01,-2685762.0,CLP,Anticipo - Capital,CC-006,DOC-000910,3101
2025-10-13,2133504.0,CLP,Provision mensual - Clientes,CC-007,DOC-002009,1201
2026-05-31,547502.0,CLP,Ajuste contable - Clientes,CC-005,DOC-000529,1201
2026-08-08,734793.0,CLP,Anticipo - Gastos Administrativos,CC-003,DOC-000636,5102
2026-05-23,154039.0,CLP,Transferencia interna - Caja,CC-007,DOC-000185,1101
2026-05-23,-1336650.0,CLP,Nota de debito - Impuestos por Pagar,CC-001,DOC-001187,2102
2026-07-28,1050417.0,CLP,Cobro cliente - Proveedores,CC-008,DOC-001971,2101
2026-05-19,1438088.0,USD,Anticipo - Inventario,CC-004,DOC-000931,1301
2026-02-02,-2787650.0,CLP,Anticipo - Prestamos Bancarios,CC-004,DOC-001381,2201
2026-08-03,-1292021.0,CLP,Nomina - Capital,CC-004,DOC-002295,3101
2026-06-18,2750433.0,CLP,Devolucion - Costo de Ventas,CC-004,DOC-002382,5101
2026-07-09,-1750783.0,CLP,Nota de credito - Gastos de Venta,CC-007,DOC-002401,5103
2026-07-04,-1519256.0,CLP,Devolucion - Prestamos Bancarios,CC-004,DOC-001999,2201
2025-10-24,-2021530.0,CLP,Devolucion - Prestamos Bancarios,CC-002,DOC-000607,2201
2026-06-25,1921257.0,CLP,Transferencia interna - Proveedores,CC-003,DOC-002896,2101
2025-09-07,2902315.0,CLP,Pago de servicios - Clientes,CC-002,DOC-000151,1201
2026-06-19,2258624.0,USD,Cobro cliente - Costo de Ventas,CC-002,DOC-001283,5101
2026-06-14,720745.0,CLP,Pago a proveedor - Caja,CC-002,DOC-002262,1101
2026-07-31,1406837.0,CLP,Pago de servicios - Inventario,CC-007,DOC-000731,1301
2026-05-18,-5256.0,CLP,Regularizacion - Prestamos Bancarios,CC-005,DOC-001337,2201
2026-05-25,-1895726.0,CLP,Ajuste contable - Capital,CC-006,DOC-001598,3101
2026-06-03,1701756.0,CLP,Pago a proveedor - Costo de Ventas,CC-008,DOC-002840,5101
2026-05-14,607447.0,CLP,Devolucion - Inventario,CC-006,DOC-000023,1301
2026-07-05,1244773.0,CLP,Compra de mercaderia - Costo de Ventas,CC-006,DOC-002857,5101
2026-05-17,-2848395.0,CLP,Regularizacion - Prestamos Bancarios,CC-007,DOC-000158,2201
2026-08-09,2225580.0,USD,Nota de credito - Proveedores,CC-003,DOC-000861,2101
2026-06-11,-2078613.0,CLP,Regularizacion - Gastos de Venta,CC-008,DOC-000902,5103
2026-07-09,-1133642.0,CLP,Cobro cliente - Capital,CC-007,DOC-002655,3101
2026-08-03,-661924.0,CLP,Nota de credito - Gastos de Venta,CC-003,DOC-002937,5103
2025-10-14,76611.0,CLP,Devolucion - Clientes,CC-001,DOC-000444,1201
2026-05-09,-1046767.0,CLP,Pago de servicios - Gastos de Venta,CC-004,DOC-002938,5103
2026-06-25,1048182.0,CLP,Anticipo - Gastos Administrativos,CC-001,DOC-000754,5102
2026-07-11,1944682.0,CLP,Transferencia interna - Clientes,CC-005,DOC-000923,1201
2026-05-22,216742.0,CLP,Pago a proveedor - Gastos de Venta,CC-005,DOC-000926,5103
2026-07-21,-296212.0,CLP,Devolucion - Prestamos Bancarios,CC-004,DOC-002102,2201
2026-07-18,2308071.0,CLP,Nota de credito - Caja,CC-007,DOC-000311,1101
2026-08-09,-906844.0,CLP,Compra de mercaderia - Gastos de Venta,CC-003,DOC-000548,5103
2026-07-06,83946.0,CLP,Provision mensual - Ventas,CC-004,DOC-001945,4101
2026-07-01,-513304.0,CLP,Cobro cliente - Capital,CC-005,DOC-001456,3101
2026-07-20,987712.0,CLP,Cobro cliente - Costo de Ventas,CC-004,DOC-000306,5101
2026-07-07,2799407.0,CLP,Ajuste contable - Inventario,CC-002,DOC-000287,1301
2026-06-04,2296164.0,CLP,Compra de mercaderia - Caja,CC-003,DOC-000694,1101
2026-05-31,-1389823.0,CLP,Nota de credito - Capital,CC-001,DOC-000308,3101
2026-05-30,-2688296.0,CLP,Provision mensual - Gastos de Venta,CC-008,DOC-002320,5103
2026-06-21,2913266.0,CLP,Anticipo - Gastos Administrativos,CC-002,DOC-000749,5102
2026-07-22,1921610.0,CLP,Transferencia interna - Inventario,CC-004,DOC-002815,1301
2026-06-24,234218.0,CLP,Pago de servicios - Ventas,CC-007,DOC-001239,4101
2026-07-15,1306842.0,CLP,Nota de debito - Gastos Administrativos,CC-008,DOC-000908,5102
2026-07-30,2907885.0,CLP,Anticipo - Costo de Ventas,CC-002,DOC-001880,5101
2026-07-27,-1651473.0,CLP,Regularizacion - Impuestos por Pagar,CC-001,DOC-002380,2102
2026-07-07,-615736.0,CLP,Nota de debito - Capital,CC-007,DOC-001406,3101
2026-06-09,-436497.0,USD,Nota de credito - Prestamos Bancarios,CC-004,DOC-002494,2201
2026-06-26,2470828.0,CLP,Regularizacion - Bancos,CC-005,DOC-000970,1102
2025-07-28,1619237.0,CLP,Nomina - Clientes,CC-007,DOC-000013,1201
2026-07-05,-759429.0,CLP,Anticipo - Impuestos por Pagar,CC-002,DOC-000873,2102
2026-07-02,904351.0,CLP,Cobro cliente - Proveedores,CC-006,DOC-000808,2101
2026-05-13,2254022.0,CLP,Anticipo - Inventario,CC-008,DOC-002578,1301
2026-07-06,-1108214.0,CLP,Nomina - Impuestos por Pagar,CC-002,DOC-000514,2102
2026-02-25,-1221662.0,CLP,Regularizacion - Impuestos por Pagar,CC-003,DOC-002413,2102
2026-06-13,53763.0,USD,Ajuste contable - Caja,CC-008,DOC-000409,1101
2025-11-29,-758024.0,CLP,Ajuste contable - Capital,CC-002,DOC-002833,3101
2026-06-18,-2787500.0,USD,Anticipo - Capital,CC-004,DOC-002259,3101
2026-07-15,-2939136.0,USD,Ajuste contable - Proveedores,CC-003,DOC-002823,2101
2026-08-02,1605799.0,CLP,Cobro cliente - Inventario,CC-006,DOC-001225,1301
2026-07-27,2080754.0,CLP,Nomina - Inventario,CC-006,DOC-001655,1301
2025-11-19,1267110.0,CLP,Nota de debito - Gastos Administrativos,CC-001,DOC-001610,5102
2026-05-21,1973637.0,CLP,Nota de credito - Gastos Administrativos,CC-004,DOC-000382,5102
2026-07-11,1368458.0,CLP,Nota de credito - Caja,CC-005,DOC-002106,1101
2026-06-14,2140644.0,CLP,Anticipo - Gastos Administrativos,CC-006,DOC-002187,5102
2025-12-02,1052254.0,CLP,Provision mensual - Clientes,CC-005,DOC-001621,1201
2026-04-12,-1528610.0,CLP,Nomina - Prestamos Bancarios,CC-004,DOC-002831,2201
2026-08-09,-2016541.0,USD,Anticipo - Impuestos por Pagar,CC-008,DOC-000552,2102
2025-12-16,2752602.0,CLP,Ajuste contable - Clientes,CC-008,DOC-000222,1201
2026-06-18,2667976.0,CLP,Devolucion - Proveedores,CC-006,DOC-001096,2101
2026-05-13,1813602.0,CLP,Regularizacion - Inventario,CC-007,DOC-002754,1301
2026-05-17,-804599.0,USD,Devolucion - Impuestos por Pagar,CC-002,DOC-000008,2102
2026-05-21,2908525.0,CLP,Provision mensual - Clientes,CC-004,DOC-001476,1201
2026-06-27,469589.0,CLP,Nota de credito - Inventario,CC-002,DOC-000316,1301
2026-06-07,2302494.0,CLP,Devolucion - Ventas,CC-003,DOC-000427,4101
2026-07-27,2773315.0,CLP,Provision mensual - Inventario,CC-006,DOC-001985,1301
2026-08-01,1733178.0,CLP,Ajuste contable - Bancos,CC-003,DOC-000105,1102
2026-06-28,1657321.0,CLP,Nomina - Caja,CC-007,DOC-002015,1101
2025-09-15,2704122.0,CLP,Ajuste contable - Gastos Administrativos,CC-002,DOC-000142,5102
2026-06-12,1242676.0,CLP,Pago de servicios - Gastos Administrativos,CC-008,DOC-000121,5102
2026-06-12,-1832235.0,CLP,Pago de servicios - Gastos de Venta,CC-001,DOC-002371,5103
2026-06-05,-1046504.0,CLP,Nota de credito - Impuestos por Pagar,CC-007,DOC-002865,2102
2026-06-02,2327610.0,CLP,Pago de servicios - Proveedores,CC-005,DOC-001189,2101
2026-05-20,348647.0,CLP,Nomina - Inventario,CC-008,DOC-002828,1301
2026-05-26,-1922091.0,CLP,Provision mensual - Impuestos por Pagar,CC-007,DOC-002600,2102
2026-07-12,-1710180.0,CLP,Ajuste contable - Capital,CC-004,DOC-001657,3101
2026-08-05,-2668822.0,CLP,Anticipo - Capital,CC-005,DOC-000115,3101
2026-06-23,-2837241.0,CLP,Anticipo - Gastos de Venta,CC-004,DOC-001405,5103
2026-05-25,-1152222.0,CLP,Pago de servicios - Impuestos por Pagar,CC-006,DOC-001511,2102
2026-06-10,106199.0,CLP,Devolucion - Caja,CC-007,DOC-002492,1101
2026-08-03,1361152.0,CLP,Transferencia interna - Proveedores,CC-004,DOC-002797,2101
2026-07-02,-562994.0,CLP,Provision mensual - Gastos de Venta,CC-002,DOC-002809,5103
2026-07-11,-320768.0,CLP,Nota de credito - Impuestos por Pagar,CC-007,DOC-001596,2102
2026-07-06,-1927056.0,CLP,Ajuste contable - Gastos de Venta,CC-004,DOC-002889,5103
2026-06-08,1843412.0,CLP,Regularizacion - Gastos Administrativos,CC-001,DOC-000672,5102
2026-06-25,2547011.0,CLP,Ajuste contable - Caja,CC-005,DOC-001431,1101
2026-07-01,-362737.0,CLP,Pago de servicios - Capital,CC-001,DOC-002172,3101
2026-05-25,593425.0,CLP,Provision mensual - Costo de Ventas,CC-005,DOC-000591,5101
2026-05-12,-2652539.0,CLP,Ajuste contable - Impuestos por Pagar,CC-007,DOC-001402,2102
2026-07-28,-1893698.0,CLP,Devolucion - Gastos de Venta,CC-008,DOC-000888,5103
2026-05-15,-2389833.0,CLP,Nota de credito - Impuestos por Pagar,CC-005,DOC-001754,2102
2026-05-24,1383760.0,CLP,Cobro cliente - Caja,CC-001,DOC-001366,1101
2026-06-01,19852.0,CLP,Transferencia interna - Inventario,CC-004,DOC-002396,1301
2026-05-23,397492.0,CLP,Ajuste contable - Gastos Administrativos,CC-003,DOC-000213,5102
2026-06-25,675400.0,CLP,Nota de credito - Clientes,CC-003,DOC-002007,1201
2026-08-09,-1118716.0,CLP,Regularizacion - Gastos de Venta,CC-005,DOC-002148,5103
2026-08-02,-882034.0,CLP,Nota de credito - Prestamos Bancarios,CC-005,DOC-000800,2201
2026-07-07,2858428.0,CLP,Devolucion - Caja,CC-002,DOC-002480,1101
2026-02-18,1918992.0,CLP,Anticipo - Clientes,CC-003,DOC-002439,1201
2026-07-24,2089241.0,CLP,Ajuste contable - Gastos Administrativos,CC-005,DOC-002283,5102
2026-08-09,1645484.0,CLP,Nomina - Gastos de Venta,CC-002,DOC-002662,5103
2026-06-21,1083518.0,CLP,Pago de servicios - Proveedores,CC-007,DOC-002711,2101
2026-06-11,-1560401.0,CLP,Ajuste contable - Gastos de Venta,CC-006,DOC-000273,5103
2026-06-07,-1283089.0,USD,Transferencia interna - Capital,CC-003,DOC-000071,3101
2026-07-31,-1016629.0,CLP,Compra de mercaderia - Prestamos Bancarios,CC-007,DOC-001789,2201
2026-05-14,2026931.0,CLP,Ajuste contable - Gastos de Venta,CC-001,DOC-001087,5103
2026-05-30,2228842.0,CLP,Regularizacion - Clientes,CC-002,DOC-000394,1201
2026-05-21,970532.0,CLP,Transferencia interna - Ventas,CC-007,DOC-000583,4101
2026-06-23,-1652631.0,CLP,Devolucion - Impuestos por Pagar,CC-006,DOC-002080,2102
2026-07-17,2840606.0,CLP,Anticipo - Ventas,CC-003,DOC-001980,4101
2026-07-20,2916634.0,CLP,Ajuste contable - Clientes,CC-001,DOC-000500,1201
2026-05-19,-1359698.0,USD,Nota de debito - Capital,CC-007,DOC-002014,3101
2026-06-13,2436011.0,CLP,Nota de credito - Bancos,CC-006,DOC-002223,1102
2026-07-14,-2969378.0,CLP,Nota de debito - Gastos de Venta,CC-004,DOC-000396,5103
2026-06-02,1669579.0,CLP,Compra de mercaderia - Gastos Administrativos,CC-004,DOC-002740,5102
2026-05-23,592825.0,CLP,Pago a proveedor - Bancos,CC-006,DOC-002318,1102
2026-08-09,701655.0,CLP,Compra de mercaderia - Ventas,CC-004,DOC-001259,4101
2026-07-01,-2693721.0,CLP,Anticipo - Impuestos por Pagar,CC-006,DOC-001742,2102
2026-07-05,-1165313.0,CLP,Devolucion - Impuestos por Pagar,CC-001,DOC-000205,2102
2026-07-14,2881957.0,CLP,Regularizacion - Proveedores,CC-007,DOC-000733,2101
2026-06-30,-784720.0,USD,Regularizacion - Impuestos por Pagar,CC-005,DOC-002502,2102
2026-07-04,781982.0,CLP,Nomina - Gastos Administrativos,CC-001,DOC-000526,5102
2026-06-22,-398596.0,CLP,Ajuste contable - Ventas,CC-003,DOC-001375,4101
2026-06-29,194350.0,CLP,Nota de debito - Caja,CC-007,DOC-000898,1101
2026-06-10,-318125.0,CLP,Cobro cliente - Impuestos por Pagar,CC-002,DOC-000377,2102
2026-07-12,2967316.0,CLP,Nota de debito - Inventario,CC-003,DOC-001726,1301
2026-05-12,-275186.0,CLP,Transferencia interna - Capital,CC-005,DOC-002682,3101
2026-05-12,577832.0,CLP,Anticipo - Bancos,CC-001,DOC-002722,1102
2026-06-26,2537326.0,CLP,Devolucion - Costo de Ventas,CC-005,DOC-000386,5101
2026-05-30,1930761.0,USD,Pago de servicios - Gastos Administrativos,CC-006,DOC-000198,5102
2026-06-23,-394947.0,CLP,Compra de mercaderia - Proveedores,CC-004,DOC-001050,2101
2026-06-15,2490801.0,USD,Nota de credito - Inventario,CC-006,DOC-000590,1301
2026-05-20,-523736.0,CLP,Provision mensual - Capital,CC-005,DOC-000519,3101
2026-07-20,2020593.0,CLP,Pago a proveedor - Inventario,CC-002,DOC-001798,1301
2026-05-19,-2044762.0,CLP,Nota de credito - Prestamos Bancarios,CC-007,DOC-000429,2201
2026-05-17,1352594.0,CLP,Pago de servicios - Costo de Ventas,CC-003,DOC-001083,5101
2026-05-18,2893408.0,CLP,Cobro cliente - Proveedores,CC-003,DOC-000207,2101
2026-06-09,465002.0,CLP,Nomina - Costo de Ventas,CC-002,DOC-000491,5101
2026-06-02,-2094066.0,CLP,Transferencia interna - Prestamos Bancarios,CC-005,DOC-001609,2201
2026-08-01,-1838172.0,CLP,Devolucion - Ventas,CC-008,DOC-002912,4101
2026-06-14,-869898.0,CLP,Provision mensual - Gastos de Venta,CC-001,DOC-000792,5103
2026-05-24,-1594111.0,CLP,Pago a proveedor - Impuestos por Pagar,CC-002,DOC-002019,
2026-07-17,2713588.0,CLP,Regularizacion - Costo de Ventas,CC-005,DOC-001186,5101
2026-05-27,-581482.0,CLP,Anticipo - Capital,CC-002,DOC-001185,3101
2026-07-22,-2218797.0,CLP,Nomina - Gastos de Venta,CC-001,DOC-002181,5103
2026-07-03,2568975.0,CLP,Ajuste contable - Caja,CC-004,DOC-001340,1101
2026-07-22,-1245598.0,USD,Pago de servicios - Prestamos Bancarios,CC-006,DOC-002232,2201
2026-05-19,125573.0,CLP,Provision mensual - Gastos Administrativos,CC-004,DOC-000083,5102
2026-06-04,-1518123.0,CLP,Nota de credito - Proveedores,CC-002,DOC-002369,2101
2026-07-10,682466.0,CLP,Transferencia interna - Costo de Ventas,CC-005,DOC-002226,5101
2026-08-08,340044.0,CLP,Nota de debito - Costo de Ventas,CC-005,DOC-000020,5101
2026-06-06,564646.0,CLP,Cobro cliente - Inventario,CC-005,DOC-001378,1301
2026-07-30,-585557.0,USD,Devolucion - Impuestos por Pagar,CC-002,DOC-001558,2102
2026-07-29,-2742943.0,CLP,Nomina - Impuestos por Pagar,CC-006,DOC-001938,2102
2026-08-10,2434554.0,CLP,Ajuste contable - Caja,CC-007,DOC-002837,1101
2026-07-30,1004621.0,CLP,Nota de credito - Clientes,CC-004,DOC-001937,1201
2026-08-01,-354114.0,CLP,Pago a proveedor - Prestamos Bancarios,CC-008,DOC-000973,2201
2026-07-07,1182117.0,USD,Anticipo - Costo de Ventas,CC-007,DOC-002789,5101
2026-06-21,1726048.0,CLP,Nota de debito - Clientes,CC-008,DOC-000883,1201
2026-07-13,-1765038.0,CLP,Anticipo - Capital,CC-008,DOC-001098,3101
2026-05-13,910060.0,CLP,Ajuste contable - Gastos Administrativos,CC-001,DOC-000156,5102
2026-08-02,2928531.0,CLP,Devolucion - Costo de Ventas,CC-008,DOC-002276,5101
2026-06-28,-245968.0,CLP,Nota de debito - Impuestos por Pagar,CC-005,DOC-000886,2102
2026-02-19,1748211.0,USD,Provision mensual - Costo de Ventas,CC-002,DOC-002770,5101
2026-05-19,458451.0,CLP,Transferencia interna - Ventas,CC-003,DOC-001591,4101
2026-06-25,1860042.0,CLP,Nomina - Inventario,CC-008,DOC-002478,1301
2026-07-12,948805.0,CLP,Cobro cliente - Gastos de Venta,CC-003,DOC-002717,5103
2026-07-05,532531.0,CLP,Regularizacion - Ventas,CC-007,DOC-002534,4101
2026-06-02,2586091.0,CLP,Pago a proveedor - Gastos Administrativos,CC-006,DOC-002117,5102
2026-07-21,-2896942.0,CLP,Nota de credito - Capital,CC-007,DOC-001472,3101
2026-06-17,1039294.0,CLP,Devolucion - Ventas,CC-006,DOC-002648,4101
2026-05-22,-2813037.0,CLP,Anticipo - Prestamos Bancarios,CC-005,DOC-000458,2201
2026-08-02,-383255.0,CLP,Devolucion - Gastos de Venta,CC-001,DOC-002498,5103
2026-06-16,-1459498.0,CLP,Devolucion - Capital,CC-007,DOC-000078,3101
2026-05-26,2224537.0,CLP,Compra de mercaderia - Clientes,CC-003,DOC-002914,1201
2026-05-23,1145908.0,USD,Devolucion - Caja,CC-006,DOC-001056,1101
2026-05-18,-628286.0,CLP,Cobro cliente - Capital,CC-003,DOC-000906,3101
2026-06-05,-2900181.0,CLP,Devolucion - Capital,CC-003,DOC-001563,3101
2026-06-19,2015823.0,CLP,Pago de servicios - Clientes,CC-001,DOC-002426,1201
2026-07-18,1285074.0,CLP,Pago a proveedor - Gastos Administrativos,CC-006,DOC-002696,5102
2026-05-20,332541.0,CLP,Nota de credito - Caja,CC-004,DOC-000380,1101
2026-06-13,-2783795.0,CLP,Nota de credito - Capital,CC-006,DOC-000947,3101
2026-07-31,2764085.0,CLP,Ajuste contable - Ventas,CC-001,DOC-001712,4101
2026-07-02,-2599367.0,CLP,Regularizacion - Impuestos por Pagar,CC-003,DOC-002756,
2026-07-16,-1084478.0,CLP,Devolucion - Capital,CC-004,DOC-000715,3101
2026-06-18,-2681765.0,CLP,Ajuste contable - Prestamos Bancarios,CC-005,DOC-001913,2201
2026-05-25,-600880.0,CLP,Devolucion - Impuestos por Pagar,CC-003,DOC-000686,2102
2026-07-30,-2128332.0,CLP,Provision mensual - Impuestos por Pagar,CC-005,DOC-002670,2102
2026-06-28,-1815093.0,CLP,Devolucion - Capital,CC-006,DOC-001293,3101
2026-07-27,189965.0,CLP,Regularizacion - Bancos,CC-004,DOC-000305,1102
2026-05-20,-2376028.0,CLP,Nota de credito - Proveedores,CC-002,DOC-000209,2101
2026-06-22,-1393234.0,CLP,Ajuste contable - Gastos de Venta,CC-004,DOC-002011,5103
2026-07-09,-2971327.0,CLP,Cobro cliente - Prestamos Bancarios,CC-003,DOC-002221,2201
2026-07-26,-2959878.0,CLP,Nota de debito - Ventas,CC-004,DOC-000905,4101
2026-05-23,-1542825.0,CLP,Provision mensual - Prestamos Bancarios,CC-002,DOC-001537,2201
2026-06-26,1003652.0,CLP,Pago a proveedor - Bancos,CC-002,DOC-000885,1102
2026-05-27,1128182.0,CLP,Compra de mercaderia - Proveedores,CC-006,DOC-001859,2101
2026-07-12,263991.0,CLP,Transferencia interna - Costo de Ventas,CC-004,DOC-000917,5101
2026-07-10,536188.0,CLP,Regularizacion - Caja,CC-003,DOC-001886,1101
2026-07-16,2700118.0,CLP,Pago a proveedor - Gastos Administrativos,CC-003,DOC-001660,5102
2026-08-01,2587019.0,CLP,Anticipo - Caja,CC-007,DOC-000191,1101
2026-07-30,561048.0,CLP,Pago a proveedor - Bancos,CC-003,DOC-001747,1102
2026-05-23,-2642504.0,USD,Devolucion - Prestamos Bancarios,CC-008,DOC-002131,2201
2026-06-05,968303.0,CLP,Pago a proveedor - Costo de Ventas,CC-002,DOC-001265,5101
2026-06-29,-1342657.0,CLP,Cobro cliente - Gastos de Venta,CC-006,DOC-000483,5103
2025-07-24,183657.0,CLP,Transferencia interna - Clientes,CC-008,DOC-000915,1201
2026-04-09,-272100.0,CLP,Cobro cliente - Prestamos Bancarios,CC-004,DOC-002599,2201
2026-05-19,2349797.0,CLP,Anticipo - Costo de Ventas,CC-004,DOC-000277,5101
2026-06-15,681491.0,CLP,Nomina - Gastos Administrativos,CC-004,DOC-000988,5102
2026-05-23,2007256.0,CLP,Nomina - Clientes,CC-005,DOC-001987,1201
2026-06-03,-1324045.0,CLP,Nota de debito - Capital,CC-001,DOC-001894,3101
2026-06-06,2539667.0,USD,Anticipo - Ventas,CC-004,DOC-001869,4101
2026-05-23,-1801854.0,CLP,Pago de servicios - Capital,CC-008,DOC-000571,3101
2026-06-08,839162.0,CLP,Anticipo - Inventario,CC-005,DOC-000993,1301
2026-07-26,2799710.0,USD,Compra de mercaderia - Proveedores,CC-004,DOC-002795,2101
2026-07-13,-514723.0,USD,Pago de servicios - Gastos de Venta,CC-001,DOC-001527,5103
2026-06-23,440254.0,CLP,Nota de debito - Ventas,CC-003,DOC-000585,4101
2026-08-07,-2218008.0,CLP,Devolucion - Ventas,CC-005,DOC-002328,4101
2026-06-05,1571694.0,CLP,Cobro cliente - Gastos Administrativos,CC-007,DOC-000563,5102
2026-05-13,1718613.0,CLP,Compra de mercaderia - Bancos,CC-002,DOC-001349,1102
2026-05-22,,CLP,Cobro cliente - Inventario,CC-003,DOC-002900,1301
2026-06-06,-844399.0,CLP,Anticipo - Capital,CC-003,DOC-000674,3101
2026-05-14,-1661868.0,CLP,Nota de credito - Capital,CC-007,DOC-002590,3101
2026-06-05,-2670297.0,CLP,Transferencia interna - Capital,CC-002,DOC-000855,3101
2026-01-13,2692376.0,CLP,Nota de credito - Bancos,CC-006,DOC-000447,1102
2026-07-13,309700.0,USD,Pago de servicios - Clientes,CC-002,DOC-001419,1201
2026-07-22,2778525.0,CLP,Regularizacion - Inventario,CC-006,DOC-002229,1301
2026-06-23,2047414.0,CLP,Pago a proveedor - Ventas,CC-007,DOC-001616,4101
2026-08-08,1224972.0,CLP,Nota de debito - Caja,CC-002,DOC-002258,1101
2026-05-22,2885917.0,USD,Transferencia interna - Ventas,CC-007,DOC-002821,4101
2026-08-05,-2127945.0,CLP,Nota de debito - Prestamos Bancarios,CC-006,DOC-002753,2201
2026-06-24,1693612.0,CLP,Devolucion - Ventas,CC-004,DOC-001716,4101
2026-06-02,975173.0,CLP,Anticipo - Caja,CC-005,DOC-002671,1101
2026-06-15,-161984.0,CLP,Nota de debito - Prestamos Bancarios,CC-007,DOC-001247,2201
2026-07-04,2630846.0,CLP,Anticipo - Clientes,CC-002,DOC-000294,1201
2026-06-22,716598.0,CLP,Compra de mercaderia - Gastos de Venta,CC-001,DOC-000588,5103
2026-07-30,1934970.0,USD,Nomina - Caja,CC-002,DOC-001281,1101
2026-06-27,2626829.0,CLP,Transferencia interna - Costo de Ventas,CC-006,DOC-001422,5101
2026-06-26,-941968.0,CLP,Regularizacion - Gastos de Venta,CC-005,DOC-002349,5103
2026-06-08,-1274377.0,CLP,Nomina - Prestamos Bancarios,CC-006,DOC-001426,2201
2026-06-29,448762.0,CLP,Provision mensual - Bancos,CC-008,DOC-002252,1102
2026-07-19,-2289364.0,USD,Nota de debito - Impuestos por Pagar,CC-002,DOC-000425,2102
2026-02-23,-416409.0,CLP,Nomina - Prestamos Bancarios,CC-008,DOC-000534,2201
2026-08-01,-290362.0,CLP,Provision mensual - Gastos de Venta,CC-008,DOC-001054,5103
2026-07-18,-967195.0,CLP,Provision mensual - Gastos de Venta,CC-005,DOC-001864,5103
2026-05-17,2226995.0,CLP,Devolucion - Costo de Ventas,CC-004,DOC-002504,5101
2026-07-06,438280.0,CLP,Ajuste contable - Bancos,CC-003,DOC-001425,1102
2026-05-19,-2942550.0,CLP,Pago a proveedor - Prestamos Bancarios,CC-003,DOC-000132,2201
2026-07-17,-2201345.0,USD,Ajuste contable - Ventas,CC-005,DOC-001837,4101
2026-07-04,923455.0,CLP,Anticipo - Costo de Ventas,CC-005,DOC-001825,5101
2026-05-26,2164933.0,CLP,Nota de credito - Inventario,CC-001,DOC-000421,1301
2026-07-21,2831386.0,CLP,Ajuste contable - Caja,CC-001,DOC-002658,1101
2026-05-17,1702515.0,CLP,Cobro cliente - Caja,CC-006,DOC-002028,1101
2026-05-26,-1574732.0,CLP,Devolucion - Capital,CC-003,DOC-000542,3101
2026-06-06,2696037.0,CLP,Transferencia interna - Inventario,CC-001,DOC-001368,1301
2026-05-18,1943360.0,CLP,Transferencia interna - Caja,CC-005,DOC-000556,1101
2026-07-26,173218.0,CLP,Nota de credito - Gastos Administrativos,CC-002,DOC-002043,5102
2026-06-12,-1241740.0,CLP,Nota de credito - Impuestos por Pagar,CC-007,DOC-001486,2102
2026-05-22,-1568320.0,CLP,Ajuste contable - Capital,CC-007,DOC-002679,3101
2026-05-19,-2016066.0,CLP,Pago a proveedor - Ventas,CC-004,DOC-000570,4101
2026-06-22,2032720.0,CLP,Nomina - Costo de Ventas,CC-003,DOC-000352,5101
2025-08-17,-2896594.0,CLP,Nota de debito - Prestamos Bancarios,CC-008,DOC-000091,2201
2025-07-16,196903.0,CLP,Ajuste contable - Clientes,CC-008,DOC-002562,1201
2026-07-15,-1610765.0,CLP,Transferencia interna - Prestamos Bancarios,CC-005,DOC-002533,2201
2026-08-02,386656.0,USD,Provision mensual - Bancos,CC-005,DOC-001170,1102
2026-06-11,-1970264.0,CLP,Pago de servicios - Gastos de Venta,CC-002,DOC-002248,5103
2026-07-20,-2450086.0,CLP,Nota de credito - Gastos de Venta,CC-007,DOC-001285,5103
2026-07-02,2355391.0,CLP,Nota de credito - Inventario,CC-001,DOC-001702,1301
2026-06-11,-644195.0,CLP,Pago a proveedor - Impuestos por Pagar,CC-007,DOC-001468,2102
2026-07-26,-1653642.0,CLP,Pago de servicios - Capital,CC-005,DOC-001907,3101
2026-07-20,-1804825.0,CLP,Provision mensual - Prestamos Bancarios,CC-004,DOC-001477,2201
2026-06-12,-2925070.0,CLP,Compra de mercaderia - Impuestos por Pagar,CC-008,DOC-000697,2102
2026-01-21,598972.0,CLP,Nota de credito - Clientes,CC-004,DOC-002506,1201
2026-05-20,-2354207.0,CLP,Cobro cliente - Capital,CC-001,DOC-000348,3101
2026-07-08,2925971.0,CLP,Pago de servicios - Caja,CC-001,DOC-001644,1101
2026-05-06,2341242.0,CLP,Nota de credito - Caja,CC-001,DOC-002346,1101
2025-08-06,-2781865.0,CLP,Provision mensual - Prestamos Bancarios,CC-003,DOC-002431,2201
2026-06-10,-2152539.0,USD,Transferencia interna - Impuestos por Pagar,CC-006,DOC-002168,2102
2026-06-13,2286228.0,CLP,Ajuste contable - Clientes,CC-006,DOC-001137,1201
2025-11-18,-962330.0,CLP,Nota de credito - Ventas,CC-008,DOC-001797,4101
2026-01-04,2877120.0,CLP,Pago a proveedor - Gastos Administrativos,CC-001,DOC-001544,5102
2026-05-27,966516.0,CLP,Pago de servicios - Costo de Ventas,CC-003,DOC-002836,5101
2026-06-09,378420.0,CLP,Pago de servicios - Caja,CC-004,DOC-002820,1101
2026-07-15,2065351.0,CLP,Pago a proveedor - Costo de Ventas,CC-004,DOC-001339,5101
2026-06-24,1919299.0,CLP,Provision mensual - Clientes,CC-002,DOC-002490,1201
2026-07-08,-2558184.0,CLP,Nota de debito - Capital,CC-005,DOC-000453,3101
2026-07-23,652415.0,CLP,Ajuste contable - Caja,CC-007,DOC-000913,1101
2026-07-10,-539732.0,CLP,Compra de mercaderia - Impuestos por Pagar,CC-002,DOC-001199,2102
2026-07-16,468400.0,CLP,Pago a proveedor - Clientes,CC-006,DOC-001274,1201
2026-08-03,2739382.0,CLP,Pago a proveedor - Caja,CC-007,DOC-001866,1101
2026-06-07,2758564.0,CLP,Pago a proveedor - Caja,CC-002,DOC-000037,1101
2026-06-25,-421347.0,CLP,Anticipo - Impuestos por Pagar,CC-006,DOC-000974,2102
2026-02-19,1748211.0,USD,Provision mensual - Costo de Ventas,CC-002,DOC-002770,5101
2026-03-22,-2773075.0,CLP,Transferencia interna - Ventas,CC-006,DOC-000983,4101
2026-05-21,2286451.0,CLP,Regularizacion - Gastos Administrativos,CC-007,DOC-001805,5102
2026-06-08,2187358.0,CLP,Cobro cliente - Caja,CC-007,DOC-001961,1101
2026-05-15,1157308.0,CLP,Cobro cliente - Inventario,CC-008,DOC-001418,1301
2026-06-27,2443613.0,CLP,Provision mensual - Gastos Administrativos,CC-007,DOC-001284,5102
2026-05-23,250540.0,CLP,Anticipo - Costo de Ventas,CC-006,DOC-000039,5101
2026-06-01,-983284.0,CLP,Compra de mercaderia - Prestamos Bancarios,CC-003,DOC-002540,2201
2026-08-07,-187172.0,CLP,Nomina - Capital,CC-007,DOC-000169,3101
2026-07-02,1222512.0,CLP,Cobro cliente - Gastos Administrativos,CC-002,DOC-001355,5102
2026-06-01,-2974432.0,CLP,Pago de servicios - Impuestos por Pagar,CC-007,DOC-000737,2102
2026-02-19,-1076454.0,CLP,Pago de servicios - Proveedores,CC-007,DOC-001590,2101
2026-05-19,264438.0,CLP,Regularizacion - Proveedores,CC-006,DOC-002699,2101
2026-07-29,2153218.0,CLP,Anticipo - Inventario,CC-002,DOC-001897,1301
2026-07-21,1089858.0,CLP,Cobro cliente - Inventario,CC-004,DOC-000634,1301
2026-07-28,-1546533.0,CLP,Transferencia interna - Gastos de Venta,CC-005,DOC-002647,5103
2026-05-16,830034.0,CLP,Devolucion - Inventario,CC-002,DOC-001918,1301
2026-04-09,-1029745.0,CLP,Transferencia interna - Prestamos Bancarios,CC-008,DOC-001290,2201
2026-05-27,1888579.0,CLP,Cobro cliente - Inventario,CC-003,DOC-001380,1301
2026-06-30,1514810.0,CLP,Anticipo - Gastos Administrativos,CC-004,DOC-000579,5102
2026-05-16,1816883.0,CLP,Cobro cliente - Caja,CC-004,DOC-000328,1101
2026-05-19,153491.0,CLP,Pago a proveedor - Clientes,CC-003,DOC-001642,1201
2026-05-17,1571743.0,USD,Regularizacion - Inventario,CC-003,DOC-000892,1301
2026-05-16,468020.0,CLP,Nota de debito - Costo de Ventas,CC-007,DOC-001849,5101
2026-08-05,1825750.0,CLP,Nota de credito - Inventario,CC-006,DOC-000780,1301
2026-07-22,2656814.0,CLP,Transferencia interna - Costo de Ventas,CC-007,DOC-000159,5101
2026-08-02,1598735.0,CLP,Anticipo - Costo de Ventas,CC-007,DOC-001545,5101
2026-05-22,2838120.0,CLP,Nomina - Costo de Ventas,CC-001,DOC-001933,5101
2026-07-19,2304693.0,CLP,Pago de servicios - Inventario,CC-001,DOC-001771,1301
2026-06-07,-931308.0,CLP,Compra de mercaderia - Gastos de Venta,CC-003,DOC-000061,5103
2026-05-17,381020.0,CLP,Ajuste contable - Proveedores,CC-008,DOC-000849,2101
2026-08-05,2038957.0,USD,Transferencia interna - Gastos Administrativos,CC-006,DOC-002129,5102
2026-07-21,2873047.0,CLP,Ajuste contable - Bancos,CC-005,DOC-002892,1102
2026-07-01,1357212.0,CLP,Ajuste contable - Costo de Ventas,CC-005,DOC-001043,5101
2026-07-25,1102051.0,CLP,Nota de credito - Clientes,CC-003,DOC-002496,1201
2026-07-13,-1350568.0,CLP,Devolucion - Impuestos por Pagar,CC-001,DOC-002260,2102
2026-05-12,-2364234.0,CLP,Nota de debito - Gastos de Venta,CC-006,DOC-002121,5103
2026-05-30,392314.0,CLP,Compra de mercaderia - Gastos de Venta,CC-006,DOC-001070,5103
2026-07-10,804083.0,CLP,Cobro cliente - Gastos Administrativos,CC-007,DOC-000053,5102
2026-05-29,1252677.0,CLP,Transferencia interna - Gastos Administrativos,CC-005,DOC-000258,5102
2026-07-05,2603088.0,CLP,Nomina - Costo de Ventas,CC-005,DOC-000505,5101
2026-06-09,-1188980.0,CLP,Regularizacion - Capital,CC-004,DOC-000752,3101
2026-07-31,-1473944.0,CLP,Pago de servicios - Prestamos Bancarios,CC-008,DOC-001978,2201
2026-06-17,883887.0,CLP,Pago a proveedor - Inventario,CC-005,DOC-002282,1301
2026-05-25,-2724041.0,CLP,Regularizacion - Impuestos por Pagar,CC-003,DOC-002410,2102
2026-06-22,854425.0,CLP,Provision mensual - Inventario,CC-002,DOC-001517,1301
2026-07-06,-347809.0,CLP,Cobro cliente - Proveedores,CC-004,DOC-000825,2101
2026-03-28,-2976408.0,CLP,Regularizacion - Gastos de Venta,CC-004,DOC-002273,5103
2026-07-15,1755060.0,CLP,Cobro cliente - Inventario,CC-003,DOC-001389,1301
2026-07-17,-161060.0,USD,Provision mensual - Capital,CC-003,DOC-001266,3101
2026-05-21,2855161.0,CLP,Nota de credito - Clientes,CC-005,DOC-002466,1201
2026-06-02,-1501947.0,CLP,Transferencia interna - Ventas,CC-008,DOC-001711,4101
2025-08-16,2729140.0,CLP,Nota de debito - Clientes,CC-003,DOC-000771,1201
2026-05-15,1953208.0,CLP,Transferencia interna - Proveedores,CC-004,DOC-002802,2101
2026-08-10,1600334.0,CLP,Transferencia interna - Clientes,CC-003,DOC-001807,1201
2026-06-29,1539119.0,CLP,Pago a proveedor - Costo de Ventas,CC-005,DOC-002685,5101
2026-08-09,519347.0,CLP,Nota de credito - Caja,CC-007,DOC-001085,1101
2026-05-27,-1643634.0,CLP,Nota de debito - Capital,CC-008,DOC-002257,3101
2026-06-10,-681362.0,CLP,Compra de mercaderia - Impuestos por Pagar,CC-002,DOC-001532,2102
2026-06-11,543000.0,CLP,Regularizacion - Caja,CC-006,DOC-001325,1101
2026-07-15,2474933.0,CLP,Nomina - Costo de Ventas,CC-002,DOC-002119,5101
2026-07-17,2551675.0,CLP,Provision mensual - Ventas,CC-003,DOC-001812,4101
2026-05-22,-2410445.0,CLP,Nota de credito - Prestamos Bancarios,CC-007,DOC-001714,2201
2025-12-23,-2251243.0,CLP,Transferencia interna - Prestamos Bancarios,CC-002,DOC-002034,2201
2026-06-13,-1226334.0,CLP,Provision mensual - Gastos de Venta,CC-008,DOC-002423,5103
2026-01-20,-1345231.0,CLP,Regularizacion - Prestamos Bancarios,CC-005,DOC-002434,2201
2026-07-10,414940.0,CLP,Provision mensual - Gastos Administrativos,CC-004,DOC-001681,5102
2026-07-03,-1499129.0,CLP,Nomina - Impuestos por Pagar,CC-001,DOC-002227,2102
2026-05-19,1955543.0,CLP,Devolucion - Ventas,CC-008,DOC-001163,4101
2026-05-20,-738027.0,CLP,Compra de mercaderia - Capital,CC-008,DOC-000963,3101
2026-05-14,1660633.0,CLP,Nota de credito - Inventario,CC-001,DOC-002902,1301
2026-08-07,2071689.0,USD,Ajuste contable - Caja,CC-007,DOC-001662,1101
2026-05-27,2068955.0,CLP,Anticipo - Inventario,CC-007,DOC-000398,1301
2026-06-03,861354.0,CLP,Nota de debito - Gastos Administrativos,CC-001,DOC-000584,5102
2026-06-11,2688452.0,USD,Nota de debito - Gastos Administrativos,CC-003,DOC-000948,5102
2026-04-01,-1269607.0,CLP,Nota de debito - Prestamos Bancarios,CC-005,DOC-000704,2201
2026-05-18,2223271.0,CLP,Nota de credito - Proveedores,CC-001,DOC-000431,2101
2026-06-03,2217366.0,CLP,Pago a proveedor - Gastos Administrativos,CC-003,DOC-000292,5102
2026-05-29,-891138.0,CLP,Pago a proveedor - Prestamos Bancarios,CC-007,DOC-000145,2201
2026-05-31,1489384.0,USD,Devolucion - Gastos Administrativos,CC-007,DOC-000323,5102
2026-08-06,1494783.0,CLP,Nomina - Gastos Administrativos,CC-003,DOC-002108,5102
2026-07-17,1336510.0,CLP,Pago a proveedor - Bancos,CC-005,DOC-001165,1102
2026-05-19,426884.0,CLP,Regularizacion - Inventario,CC-006,DOC-001452,1301
2026-05-19,2105468.0,CLP,Compra de mercaderia - Ventas,CC-001,DOC-000002,4101
2026-05-27,374041.0,CLP,Transferencia interna - Gastos Administrativos,CC-003,DOC-000576,5102
2026-07-11,1706199.0,CLP,Cobro cliente - Clientes,CC-008,DOC-002657,1201
2026-04-03,2835838.0,CLP,Nomina - Ventas,CC-003,DOC-000339,4101
2026-07-12,2906812.0,CLP,Compra de mercaderia - Caja,CC-004,DOC-002539,1101
2026-06-19,1766442.0,CLP,Anticipo - Clientes,CC-005,DOC-002935,1201
2026-06-20,558912.0,CLP,Devolucion - Clientes,CC-008,DOC-000925,1201
2026-06-08,2987928.0,CLP,Compra de mercaderia - Inventario,CC-008,DOC-000265,1301
2026-06-12,-2318165.0,CLP,Regularizacion - Capital,CC-003,DOC-000376,3101
2026-07-01,1752428.0,CLP,Transferencia interna - Bancos,CC-006,DOC-002022,1102
2026-06-12,2009106.0,CLP,Transferencia interna - Bancos,CC-008,DOC-001463,1102
2026-06-21,1122729.0,USD,Regularizacion - Clientes,CC-006,DOC-000271,1201
2026-06-04,2516361.0,CLP,Devolucion - Gastos Administrativos,CC-006,DOC-000696,5102
2026-07-05,1261684.0,CLP,Provision mensual - Inventario,CC-007,DOC-001687,1301
2026-05-31,-357694.0,CLP,Nota de credito - Capital,CC-008,DOC-000244,3101
2026-07-19,2719920.0,CLP,Anticipo - Ventas,CC-008,DOC-002813,4101
2026-08-01,-1123904.0,CLP,Cobro cliente - Ventas,CC-006,DOC-000476,4101
2026-08-06,2427706.0,CLP,Pago de servicios - Proveedores,CC-008,DOC-002785,2101
2026-06-26,715508.0,CLP,Provision mensual - Gastos Administrativos,CC-005,DOC-002843,5102
2026-06-20,1774258.0,CLP,Nota de credito - Caja,CC-003,DOC-002298,1101
2026-06-02,2966676.0,USD,Devolucion - Caja,CC-005,DOC-002448,1101
2026-05-31,1019812.0,CLP,Compra de mercaderia - Proveedores,CC-008,DOC-002783,2101
2026-07-14,-507511.0,CLP,Pago a proveedor - Gastos de Venta,CC-003,DOC-002659,5103
2026-06-14,-326669.0,CLP,Cobro cliente - Gastos de Venta,CC-006,DOC-002554,5103
2026-05-25,984628.0,USD,Regularizacion - Proveedores,CC-008,DOC-002159,2101
2026-07-30,201916.0,CLP,Transferencia interna - Ventas,CC-007,DOC-000250,4101
2026-05-12,-290075.0,CLP,Cobro cliente - Prestamos Bancarios,CC-003,DOC-000413,2201
2026-05-19,2377421.0,CLP,Devolucion - Bancos,CC-005,DOC-000545,1102
2026-06-29,1850229.0,CLP,Ajuste contable - Costo de Ventas,CC-002,DOC-001193,5101
2026-06-30,1827198.0,CLP,Provision mensual - Gastos Administrativos,CC-007,DOC-000738,5102
2026-06-02,-2982400.0,USD,Cobro cliente - Impuestos por Pagar,CC-008,DOC-000310,2102
2026-06-08,2976901.0,CLP,Nota de debito - Costo de Ventas,CC-001,DOC-001979,5101
2026-08-01,-115449.0,CLP,Transferencia interna - Gastos de Venta,CC-001,DOC-000893,5103
2026-06-11,-102659.0,CLP,Cobro cliente - Gastos de Venta,CC-007,DOC-001131,5103
2026-07-29,997298.0,CLP,Regularizacion - Clientes,CC-002,DOC-001449,1201
2026-07-21,-69285.0,CLP,Cobro cliente - Ventas,CC-007,DOC-002907,4101
2026-05-15,1269369.0,CLP,Nomina - Clientes,CC-008,DOC-000015,1201
2026-05-13,-744452.0,CLP,Ajuste contable - Impuestos por Pagar,CC-002,DOC-001950,2102
2026-08-08,-2069304.0,CLP,Ajuste contable - Capital,CC-005,DOC-000721,3101
2026-06-25,2770342.0,USD,Pago a proveedor - Costo de Ventas,CC-003,DOC-001420,5101
2026-05-21,2436907.0,CLP,Ajuste contable - Proveedores,CC-001,DOC-002633,2101
2026-06-07,-2343502.0,CLP,Regularizacion - Impuestos por Pagar,CC-002,DOC-000981,2102
2026-05-17,-604993.0,USD,Nota de credito - Ventas,CC-003,DOC-001874,4101
2026-07-11,54681.0,CLP,Compra de mercaderia - Bancos,CC-001,DOC-001539,1102
2026-06-20,317994.0,USD,Pago a proveedor - Bancos,CC-002,DOC-002530,1102
2026-06-17,1005492.0,CLP,Compra de mercaderia - Caja,CC-002,DOC-001550,1101
2026-08-03,1838143.0,CLP,Compra de mercaderia - Bancos,CC-002,DOC-002422,1102
2026-07-20,-1306855.0,CLP,Transferencia interna - Capital,CC-002,DOC-000363,3101
2026-05-15,73639.0,CLP,Anticipo - Clientes,CC-002,DOC-002768,1201
2026-07-18,-2610239.0,CLP,Nomina - Impuestos por Pagar,CC-002,DOC-000182,2102
2026-06-19,342972.0,USD,Cobro cliente - Inventario,CC-008,DOC-000985,1301
2026-05-22,2079107.0,CLP,Ajuste contable - Proveedores,CC-004,DOC-001990,2101
2026-08-05,-1490312.0,USD,Devolucion - Capital,CC-004,DOC-001194,3101
2026-03-04,1202651.0,CLP,Compra de mercaderia - Clientes,CC-007,DOC-001769,1201
2026-08-07,1111774.0,CLP,Anticipo - Caja,CC-007,DOC-001675,1101
2026-06-05,1025423.0,CLP,Nota de debito - Ventas,CC-005,DOC-001121,4101
2025-07-12,-1462465.0,CLP,Pago a proveedor - Prestamos Bancarios,CC-004,DOC-000187,2201
2026-07-01,2876183.0,CLP,Pago de servicios - Costo de Ventas,CC-004,DOC-000619,5101
2026-05-30,-2713450.0,CLP,Nota de debito - Capital,CC-001,DOC-001612,3101
2026-08-10,1178617.0,CLP,Nota de debito - Ventas,CC-001,DOC-001175,4101
2026-05-31,161348.0,CLP,Nomina - Bancos,CC-002,DOC-001182,1102
2026-05-21,2316743.0,CLP,Regularizacion - Bancos,CC-005,DOC-002384,1102
2026-05-15,62194.0,CLP,Compra de mercaderia - Bancos,CC-008,DOC-002715,1102
2026-06-06,-431653.0,CLP,Anticipo - Prestamos Bancarios,CC-005,DOC-000614,2201
2026-05-25,2480926.0,CLP,Regularizacion - Costo de Ventas,CC-006,DOC-001513,5101
2026-07-27,-838733.0,CLP,Transferencia interna - Gastos de Venta,CC-003,DOC-001466,5103
2026-05-16,2446467.0,CLP,Nomina - Ventas,CC-001,DOC-000401,4101
2026-06-26,1430100.0,CLP,Nomina - Gastos Administrativos,CC-008,DOC-000994,5102
2026-06-03,-2698856.0,CLP,Devolucion - Gastos de Venta,CC-002,DOC-000934,5103
2026-05-21,911984.0,CLP,Ajuste contable - Gastos Administrativos,CC-007,DOC-000371,5102
2026-05-12,2075854.0,CLP,Nota de debito - Costo de Ventas,CC-005,DOC-001922,5101
2026-04-11,2246231.0,CLP,Provision mensual - Clientes,CC-007,DOC-002306,1201
2025-12-20,-1672013.0,CLP,Anticipo - Prestamos Bancarios,CC-005,DOC-000593,2201
2026-06-04,145751.0,CLP,Regularizacion - Costo de Ventas,CC-004,DOC-001910,5101
2026-08-02,1976577.0,CLP,Nomina - Costo de Ventas,CC-004,DOC-000726,5101
2026-07-01,-816801.0,CLP,Anticipo - Ventas,CC-004,DOC-000826,4101
2026-08-05,2879771.0,CLP,Nota de debito - Caja,CC-004,DOC-001674,1101
2026-05-16,-1533781.0,CLP,Cobro cliente - Proveedores,CC-007,DOC-000687,2101
2026-05-24,-1383571.0,CLP,Compra de mercaderia - Capital,CC-006,DOC-002215,3101
2026-06-09,-2617787.0,CLP,Cobro cliente - Impuestos por Pagar,CC-004,DOC-000136,2102
2026-07-25,-2087881.0,CLP,Pago de servicios - Capital,CC-004,DOC-002764,3101
2026-06-26,126057.0,CLP,Compra de mercaderia - Gastos de Venta,CC-006,DOC-000628,5103
2026-05-30,-2592934.0,CLP,Pago a proveedor - Impuestos por Pagar,CC-005,DOC-000334,2102
2026-07-18,-947167.0,CLP,Pago a proveedor - Capital,CC-006,DOC-000390,3101
2026-07-06,-2519207.0,USD,Compra de mercaderia - Capital,CC-003,DOC-002309,3101
2026-07-26,-2546542.0,CLP,Nomina - Impuestos por Pagar,CC-001,DOC-001109,2102
2026-05-29,-2470860.0,USD,Anticipo - Proveedores,CC-008,DOC-001737,2101
2026-06-16,1782977.0,CLP,Pago a proveedor - Caja,CC-008,DOC-002698,1101
2026-07-23,-172835.0,CLP,Cobro cliente - Impuestos por Pagar,CC-008,DOC-000710,2102
2026-07-29,-2474081.0,CLP,Regularizacion - Impuestos por Pagar,CC-002,DOC-001039,2102
2026-07-31,2990360.0,CLP,Regularizacion - Inventario,CC-007,DOC-002714,1301
2026-05-24,1989459.0,CLP,Regularizacion - Clientes,CC-008,DOC-001850,1201
2026-06-22,-431307.0,CLP,Nota de debito - Ventas,CC-004,DOC-002595,4101
2025-08-18,2106998.0,CLP,Cobro cliente - Inventario,CC-007,DOC-001561,1301
2026-06-10,491728.0,CLP,Regularizacion - Clientes,CC-004,DOC-002757,1201
2026-05-27,2865808.0,CLP,Anticipo - Clientes,CC-007,DOC-001594,1201
2026-07-29,1304036.0,CLP,Regularizacion - Gastos Administrativos,CC-007,DOC-002750,5102
2026-06-17,1243161.0,CLP,Transferencia interna - Inventario,CC-006,DOC-001112,1301
2026-06-02,2385565.0,USD,Nota de debito - Gastos Administrativos,CC-006,DOC-000465,5102
2026-06-27,2664545.0,CLP,Compra de mercaderia - Proveedores,CC-005,DOC-001560,2101
2026-05-30,-2357147.0,USD,Ajuste contable - Impuestos por Pagar,CC-006,DOC-001223,2102
2026-05-27,1311372.0,USD,Ajuste contable - Costo de Ventas,CC-001,DOC-001953,
2026-05-14,2026931.0,CLP,Ajuste contable - Gastos de Venta,CC-001,DOC-001087,5103
2026-07-29,1319742.0,CLP,Pago a proveedor - Gastos de Venta,CC-001,DOC-002348,5103
2026-07-04,1403796.0,CLP,Nomina - Gastos de Venta,CC-004,DOC-001508,5103
2026-05-23,-683937.0,CLP,Transferencia interna - Impuestos por Pagar,CC-005,DOC-001104,2102
2026-05-19,2211218.0,CLP,Nota de credito - Inventario,CC-001,DOC-001988,1301
2025-08-05,1467507.0,USD,Regularizacion - Clientes,CC-001,DOC-000338,1201
2026-06-14,-705839.0,CLP,Nota de debito - Capital,CC-008,DOC-000215,3101
2026-07-12,-69223.0,CLP,Nota de debito - Prestamos Bancarios,CC-004,DOC-001615,2201
2026-05-20,-1259933.0,CLP,Provision mensual - Prestamos Bancarios,CC-006,DOC-001916,2201
2026-07-27,545479.0,CLP,Anticipo - Costo de Ventas,CC-008,DOC-002514,5101
2026-07-23,-671580.0,CLP,Transferencia interna - Impuestos por Pagar,CC-003,DOC-002804,2102
2026-05-18,912275.0,USD,Devolucion - Proveedores,CC-008,DOC-001592,2101
2026-06-09,-327078.0,CLP,Anticipo - Prestamos Bancarios,CC-002,DOC-002240,2201
2026-07-08,1842068.0,CLP,Provision mensual - Caja,CC-006,DOC-001684,1101
2025-12-08,712681.0,CLP,Cobro cliente - Inventario,CC-006,DOC-002522,1301
2026-05-12,-99727.0,CLP,Provision mensual - Gastos de Venta,CC-006,DOC-000816,5103
2026-03-10,-1185539.0,CLP,Cobro cliente - Impuestos por Pagar,CC-006,DOC-001067,2102
2026-05-30,179961.0,CLP,Anticipo - Caja,CC-002,DOC-002003,1101
2026-06-21,2971894.0,CLP,Compra de mercaderia - Costo de Ventas,CC-006,DOC-000274,5101
2026-07-11,-2383801.0,CLP,Devolucion - Prestamos Bancarios,CC-006,DOC-002244,2201
2026-06-27,167706.0,CLP,Cobro cliente - Costo de Ventas,CC-001,DOC-000865,5101
2026-05-27,-2929938.0,CLP,Cobro cliente - Gastos de Venta,CC-004,DOC-000101,5103
2026-06-09,2877855.0,CLP,Devolucion - Caja,CC-007,DOC-001501,1101
2026-07-03,2641752.0,CLP,Provision mensual - Costo de Ventas,CC-008,DOC-002149,5101
2026-05-23,1901065.0,CLP,Pago de servicios - Bancos,CC-007,DOC-000171,1102
2026-05-23,680933.0,CLP,Transferencia interna - Costo de Ventas,CC-008,DOC-000107,5101
2026-05-29,-1642023.0,CLP,Regularizacion - Capital,CC-005,DOC-001862,3101
2026-05-29,68700.0,CLP,Nota de debito - Costo de Ventas,CC-001,DOC-001521,5101
2026-06-10,-2152539.0,USD,Transferencia interna - Impuestos por Pagar,CC-006,DOC-002168,2102
2026-06-09,-2034189.0,CLP,Regularizacion - Capital,CC-007,DOC-002202,3101
2026-06-14,1077547.0,CLP,Compra de mercaderia - Gastos de Venta,CC-008,DOC-002054,5103
2026-07-23,2405461.0,CLP,Pago a proveedor - Proveedores,CC-003,DOC-001764,2101
2026-08-04,-1949968.0,CLP,Compra de mercaderia - Impuestos por Pagar,CC-008,DOC-002033,2102
2026-05-15,1165416.0,CLP,Nota de credito - Costo de Ventas,CC-008,DOC-001962,5101
2026-06-14,-403045.0,USD,Nomina - Gastos de Venta,CC-006,DOC-002250,5103
2026-05-28,-2138785.0,CLP,Pago a proveedor - Prestamos Bancarios,CC-003,DOC-002340,2201
2026-05-18,-423002.0,CLP,Pago a proveedor - Prestamos Bancarios,CC-008,DOC-002575,2201
2026-05-17,1486123.0,CLP,Nomina - Inventario,CC-007,DOC-001924,1301
2026-05-20,-1632185.0,CLP,Ajuste contable - Impuestos por Pagar,CC-008,DOC-000295,2102
2026-06-15,-745251.0,USD,Provision mensual - Prestamos Bancarios,CC-008,DOC-000712,2201
2026-06-14,-781279.0,CLP,Nota de debito - Gastos de Venta,CC-008,DOC-000072,5103
2026-06-01,-2464127.0,CLP,Pago a proveedor - Gastos de Venta,CC-008,DOC-001952,5103
2026-05-14,1648299.0,USD,Cobro cliente - Proveedores,CC-001,DOC-002269,2101
2026-06-15,2766298.0,CLP,Nomina - Clientes,CC-007,DOC-002561,1201
2025-11-23,1206812.0,USD,Provision mensual - Clientes,CC-004,DOC-002885,1201
2026-05-24,666581.0,CLP,Transferencia interna - Clientes,CC-003,DOC-000481,1201
2026-06-15,-2195692.0,CLP,Ajuste contable - Impuestos por Pagar,CC-003,DOC-002218,2102
2026-07-23,2260339.0,CLP,Nomina - Bancos,CC-008,DOC-001530,1102
2026-07-23,-2443611.0,CLP,Transferencia interna - Impuestos por Pagar,CC-007,DOC-002115,2102
2026-02-08,-2428076.0,CLP,Ajuste contable - Prestamos Bancarios,CC-006,DOC-001514,2201
2026-07-19,-462392.0,CLP,Pago a proveedor - Ventas,CC-006,DOC-002197,4101
2026-05-29,-2978523.0,CLP,Nomina - Impuestos por Pagar,CC-004,DOC-001490,2102
2026-08-08,2975894.0,CLP,Regularizacion - Inventario,CC-005,DOC-001171,1301
2026-04-22,2553363.0,CLP,Anticipo - Clientes,CC-004,DOC-002452,1201
2026-07-08,206138.0,CLP,Provision mensual - Ventas,CC-002,DOC-002429,4101
2026-07-07,2870220.0,CLP,Regularizacion - Ventas,CC-004,DOC-002073,4101
2026-05-28,374277.0,CLP,Transferencia interna - Caja,CC-007,DOC-002216,1101
2026-06-03,1398565.0,CLP,Devolucion - Bancos,CC-005,DOC-002271,1102
2026-06-30,-1747957.0,CLP,Nota de credito - Capital,CC-002,DOC-000405,3101
2026-07-10,2847078.0,USD,Compra de mercaderia - Bancos,CC-001,DOC-000757,1102
2026-06-16,2114132.0,USD,Provision mensual - Gastos de Venta,CC-008,DOC-001956,5103
2026-08-01,-1804856.0,CLP,Nomina - Impuestos por Pagar,CC-003,DOC-002184,2102
2026-06-03,-943887.0,CLP,Nota de credito - Ventas,CC-006,DOC-001951,4101
2026-07-30,-886236.0,CLP,Provision mensual - Capital,CC-005,DOC-000097,3101
2026-06-04,1468247.0,CLP,Nota de credito - Ventas,CC-002,DOC-001333,4101
2026-06-28,-716758.0,USD,Nomina - Impuestos por Pagar,CC-007,DOC-002389,2102
2026-07-03,280256.0,CLP,Provision mensual - Inventario,CC-002,DOC-000743,1301
2026-07-15,2399695.0,USD,Nomina - Gastos Administrativos,CC-001,DOC-000806,5102
2026-05-15,-2934949.0,CLP,Compra de mercaderia - Prestamos Bancarios,CC-007,DOC-002769,2201
2026-05-29,-592880.0,CLP,Ajuste contable - Capital,CC-003,DOC-001896,3101
2026-07-30,181659.0,CLP,Cobro cliente - Gastos Administrativos,CC-004,DOC-002499,5102
2026-06-28,629941.0,CLP,Regularizacion - Inventario,CC-006,DOC-001535,1301
2026-06-27,2207652.0,CLP,Devolucion - Inventario,CC-005,DOC-002050,1301
2026-06-26,628262.0,CLP,Nomina - Clientes,CC-008,DOC-002010,1201
2026-05-22,1940790.0,CLP,Transferencia interna - Gastos Administrativos,CC-001,DOC-000148,5102
2026-06-14,-326669.0,CLP,Cobro cliente - Gastos de Venta,CC-006,DOC-002554,5103
2026-06-25,2095738.0,CLP,Cobro cliente - Costo de Ventas,CC-005,DOC-002053,5101
2026-06-30,40079.0,CLP,Pago de servicios - Inventario,CC-004,DOC-001902,1301
2026-06-07,2971054.0,CLP,Nota de credito - Costo de Ventas,CC-008,DOC-001315,5101
2026-07-11,1987758.0,USD,Nota de credito - Caja,CC-002,DOC-000692,1101
2026-07-30,1334103.0,CLP,Transferencia interna - Caja,CC-003,DOC-000818,1101
2026-06-17,1996202.0,CLP,Cobro cliente - Ventas,CC-004,DOC-001728,4101
2026-05-25,-306781.0,CLP,Transferencia interna - Capital,CC-006,DOC-001386,3101
2026-06-28,-363660.0,CLP,Devolucion - Ventas,CC-006,DOC-002281,4101
2026-07-02,1745254.0,USD,Pago de servicios - Costo de Ventas,CC-004,DOC-002733,5101
2026-06-23,403984.0,CLP,Regularizacion - Bancos,CC-004,DOC-001599,1102
2026-05-23,2415275.0,CLP,Anticipo - Costo de Ventas,CC-007,DOC-002610,5101
,-2308476.0,CLP,Pago a proveedor - Prestamos Bancarios,CC-008,DOC-002457,2201
2026-06-03,-29910.0,USD,Nota de debito - Impuestos por Pagar,CC-008,DOC-000701,2102
2026-06-15,373715.0,USD,Pago a proveedor - Caja,CC-008,DOC-001878,1101
2026-07-07,-400943.0,CLP,Provision mensual - Gastos de Venta,CC-008,DOC-002656,5103
2026-06-10,-2430101.0,CLP,Cobro cliente - Prestamos Bancarios,CC-008,DOC-000921,2201
2026-06-14,-2165424.0,CLP,Transferencia interna - Impuestos por Pagar,CC-002,DOC-001424,2102
2026-06-09,1782262.0,CLP,Transferencia interna - Ventas,CC-004,DOC-001708,4101
2026-07-26,-2959878.0,CLP,Nota de debito - Ventas,CC-004,DOC-000905,4101
2026-08-05,648987.0,CLP,Nota de credito - Gastos de Venta,CC-004,DOC-000454,5103
2025-12-02,-1063030.0,CLP,Nota de credito - Prestamos Bancarios,CC-005,DOC-002185,2201
2026-05-21,442017.0,CLP,Provision mensual - Gastos Administrativos,CC-004,DOC-002304,5102
2026-07-19,2304693.0,CLP,Pago de servicios - Inventario,CC-001,DOC-001771,1301
2026-06-04,345380.0,CLP,Transferencia interna - Clientes,CC-006,DOC-000167,1201
2026-05-27,771536.0,CLP,Cobro cliente - Ventas,CC-001,DOC-000730,4101
2026-06-09,-1311694.0,CLP,Nomina - Impuestos por Pagar,CC-002,DOC-002188,2102
2026-05-29,1106372.0,USD,Anticipo - Gastos de Venta,CC-001,DOC-001310,5103
2026-08-06,2579608.0,CLP,Provision mensual - Inventario,CC-005,DOC-000026,1301
2026-07-18,654896.0,CLP,Transferencia interna - Clientes,CC-003,DOC-002059,1201
2026-07-13,1698380.0,USD,Devolucion - Bancos,CC-007,DOC-001652,1102
2026-06-10,1974461.0,CLP,Cobro cliente - Clientes,CC-005,DOC-001622,1201
2026-07-28,-1850246.0,CLP,Regularizacion - Impuestos por Pagar,CC-004,DOC-000587,2102
2026-08-07,2083439.0,CLP,Devolucion - Clientes,CC-003,DOC-002016,1201
2026-06-30,-462446.0,CLP,Cobro cliente - Prestamos Bancarios,CC-002,DOC-000997,2201
2026-05-14,-1274342.0,CLP,Ajuste contable - Gastos de Venta,CC-006,DOC-001176,5103
2026-07-31,-234199.0,CLP,Nota de credito - Gastos de Venta,CC-007,DOC-001700,5103
2026-06-01,-2214668.0,CLP,Pago a proveedor - Impuestos por Pagar,CC-001,DOC-001040,2102
2026-06-10,645173.0,CLP,Pago a proveedor - Clientes,CC-003,DOC-000033,1201
2026-05-23,676457.0,CLP,Regularizacion - Inventario,CC-002,DOC-001809,1301
2026-07-26,528849.0,CLP,Nota de debito - Clientes,CC-008,DOC-002626,1201
2026-06-17,-599245.0,CLP,Nota de credito - Gastos de Venta,CC-003,DOC-001379,5103
2026-08-01,-32900.0,CLP,Anticipo - Impuestos por Pagar,CC-002,DOC-000041,2102
2026-05-29,786622.0,CLP,Regularizacion - Bancos,CC-004,DOC-001791,1102
2026-01-14,-811019.0,USD,Compra de mercaderia - Prestamos Bancarios,CC-008,DOC-002189,2201
2026-06-05,-384698.0,CLP,Nota de debito - Gastos de Venta,CC-001,DOC-002606,5103
2026-05-24,2760397.0,USD,Devolucion - Inventario,CC-007,DOC-001972,1301
2026-07-29,-2686501.0,CLP,Nomina - Ventas,CC-002,DOC-002289,4101
2026-07-06,2527763.0,CLP,Compra de mercaderia - Caja,CC-006,DOC-001925,1101
2026-06-15,1147334.0,CLP,Pago a proveedor - Costo de Ventas,CC-008,DOC-000609,5101
2026-05-29,872324.0,CLP,Cobro cliente - Bancos,CC-006,DOC-001132,1102
2026-06-19,575278.0,CLP,Nomina - Inventario,CC-006,DOC-000028,1301
2026-07-05,2321715.0,CLP,Cobro cliente - Bancos,CC-008,DOC-000441,1102
2026-06-30,1111851.0,CLP,Ajuste contable - Proveedores,CC-007,DOC-002355,2101
2026-05-15,2711482.0,CLP,Devolucion - Bancos,CC-002,DOC-002798,1102
2026-07-27,928518.0,CLP,Transferencia interna - Bancos,CC-005,DOC-000493,1102
2025-07-16,-1349490.0,CLP,Nota de credito - Impuestos por Pagar,CC-004,DOC-001258,2102
2026-07-23,-2610227.0,CLP,Nota de credito - Proveedores,CC-001,DOC-001301,2101
2026-07-09,251094.0,CLP,Nomina - Inventario,CC-005,DOC-002365,1301
2026-06-23,1224855.0,CLP,Devolucion - Bancos,CC-004,DOC-001382,1102
2026-05-18,2101227.0,CLP,Nota de credito - Clientes,CC-001,DOC-001304,1201
2026-06-16,1809348.0,CLP,Pago de servicios - Gastos de Venta,CC-002,DOC-000236,5103
2026-07-04,-485319.0,CLP,Provision mensual - Impuestos por Pagar,CC-008,DOC-000551,2102
2026-07-02,2139658.0,CLP,Compra de mercaderia - Costo de Ventas,CC-007,DOC-000520,5101
2026-06-23,-1624159.0,CLP,Ajuste contable - Impuestos por Pagar,CC-003,DOC-002446,2102
2026-06-13,829946.0,CLP,Cobro cliente - Ventas,CC-007,DOC-001232,4101
2026-05-17,1872650.0,CLP,Nomina - Bancos,CC-006,DOC-001138,1102
2026-07-01,2945119.0,CLP,Nota de debito - Clientes,CC-006,DOC-000720,1201
2026-05-21,-1731808.0,CLP,Nomina - Gastos de Venta,CC-002,DOC-000735,5103
2026-07-22,2654974.0,CLP,Anticipo - Costo de Ventas,CC-001,DOC-002653,5101
2026-07-19,-840495.0,CLP,Nomina - Prestamos Bancarios,CC-004,DOC-001750,2201
2026-06-27,2186992.0,CLP,Anticipo - Bancos,CC-002,DOC-000058,1102
2026-06-02,-1712630.0,CLP,Anticipo - Gastos de Venta,CC-002,DOC-000631,5103
2025-09-27,169093.0,CLP,Nomina - Clientes,CC-002,DOC-001181,1201
2026-05-20,2830140.0,CLP,Nota de credito - Ventas,CC-007,DOC-002203,4101
2026-05-15,-228035.0,USD,Nota de credito - Capital,CC-002,DOC-000592,3101
2026-07-27,1449095.0,CLP,Provision mensual - Clientes,CC-004,DOC-001303,1201
2026-07-29,-2008498.0,CLP,Nota de debito - Impuestos por Pagar,CC-003,DOC-001387,2102
2026-05-15,-2185952.0,CLP,Anticipo - Capital,CC-007,DOC-002615,3101
2025-08-10,49967.0,CLP,Regularizacion - Caja,CC-007,DOC-002630,1101
2026-07-18,1465303.0,CLP,Regularizacion - Gastos Administrativos,CC-008,DOC-001845,5102
2026-06-19,1738220.0,CLP,Transferencia interna - Ventas,CC-008,DOC-000939,4101
2026-05-21,-1009833.0,USD,Nomina - Gastos de Venta,CC-006,DOC-002788,5103
2026-06-28,2462477.0,CLP,Cobro cliente - Caja,CC-004,DOC-001249,1101
2026-05-22,2480318.0,CLP,Nomina - Costo de Ventas,CC-001,DOC-000904,5101
2026-06-08,-837403.0,CLP,Anticipo - Capital,CC-001,DOC-002543,3101
2026-06-25,1894703.0,CLP,Nota de credito - Inventario,CC-003,DOC-001279,1301
2026-06-23,2609392.0,CLP,Regularizacion - Costo de Ventas,CC-008,DOC-002402,5101
2026-07-12,2967316.0,CLP,Nota de debito - Inventario,CC-003,DOC-001726,1301
2025-12-11,367621.0,CLP,Nota de debito - Caja,CC-002,DOC-002126,1101
2026-07-06,1008898.0,CLP,Cobro cliente - Bancos,CC-005,DOC-002387,1102
2026-05-28,1880249.0,CLP,Transferencia interna - Costo de Ventas,CC-006,DOC-002042,5101
2026-08-08,-365248.0,USD,Ajuste contable - Capital,CC-001,DOC-001142,3101
2026-06-29,1419458.0,CLP,Compra de mercaderia - Inventario,CC-005,DOC-002381,1301
2026-06-13,1855100.0,CLP,Provision mensual - Proveedores,CC-006,DOC-000706,2101
2026-06-21,-2293651.0,CLP,Compra de mercaderia - Capital,CC-003,DOC-002641,3101
2026-05-15,1805691.0,CLP,Cobro cliente - Gastos Administrativos,CC-003,DOC-001022,5102
2026-08-06,2193714.0,CLP,Cobro cliente - Costo de Ventas,CC-001,DOC-000745,5101
2026-07-13,-2203103.0,CLP,Compra de mercaderia - Prestamos Bancarios,CC-008,DOC-001546,2201
2026-08-08,2318238.0,CLP,Regularizacion - Costo de Ventas,CC-003,DOC-002357,5101
2026-05-25,-2120291.0,CLP,Anticipo - Gastos de Venta,CC-001,DOC-002046,5103
2026-01-29,2511745.0,CLP,Transferencia interna - Clientes,CC-001,DOC-000513,1201
2026-06-30,-1015814.0,CLP,Compra de mercaderia - Impuestos por Pagar,CC-007,DOC-000081,
2026-08-05,-2730572.0,CLP,Devolucion - Prestamos Bancarios,CC-008,DOC-002661,2201
2026-06-23,1963489.0,CLP,Nomina - Gastos Administrativos,CC-004,DOC-001308,5102
2026-05-21,-2367539.0,CLP,Compra de mercaderia - Prestamos Bancarios,CC-007,DOC-002495,2201
2026-07-17,-1897903.0,USD,Provision mensual - Impuestos por Pagar,CC-006,DOC-000914,2102
2026-07-19,-771682.0,CLP,Nota de debito - Gastos de Venta,CC-002,DOC-001404,5103
2026-07-05,433523.0,CLP,Nota de debito - Gastos Administrativos,CC-006,DOC-001647,5102
2026-07-25,2774042.0,CLP,Nota de credito - Gastos Administrativos,CC-002,DOC-002760,5102
2026-06-15,-2287084.0,CLP,Ajuste contable - Gastos de Venta,CC-006,DOC-001108,5103
2025-08-08,2629999.0,CLP,Regularizacion - Clientes,CC-005,DOC-000150,1201
2025-12-17,-197906.0,CLP,Devolucion - Prestamos Bancarios,CC-002,DOC-002726,2201
2026-05-21,2800084.0,CLP,Cobro cliente - Proveedores,CC-003,DOC-000774,2101
2026-05-31,654964.0,CLP,Pago de servicios - Costo de Ventas,CC-005,DOC-000329,5101
2026-08-02,142244.0,CLP,Compra de mercaderia - Costo de Ventas,CC-002,DOC-000006,5101
2026-05-14,2714610.0,CLP,Ajuste contable - Clientes,CC-004,DOC-000943,1201
2026-05-15,-2545131.0,CLP,Pago a proveedor - Proveedores,CC-002,DOC-000822,2101
2026-05-18,750045.0,CLP,Ajuste contable - Inventario,CC-007,DOC-000734,1301
2026-08-04,2774960.0,CLP,Nota de debito - Caja,CC-001,DOC-000909,1101
2026-05-28,-2998819.0,USD,Cobro cliente - Capital,CC-004,DOC-000468,3101
2026-05-14,806006.0,CLP,Nota de credito - Costo de Ventas,CC-005,DOC-000181,5101
2026-07-12,989036.0,CLP,Anticipo - Costo de Ventas,CC-001,DOC-000164,5101
2026-08-02,-1412331.0,CLP,Nomina - Impuestos por Pagar,CC-005,DOC-001523,2102
2026-07-24,2340911.0,CLP,Ajuste contable - Bancos,CC-002,DOC-000451,1102
2026-06-02,-799468.0,CLP,Pago a proveedor - Gastos de Venta,CC-007,DOC-000490,5103
2026-08-06,1693098.0,CLP,Devolucion - Inventario,CC-008,DOC-002004,1301
2026-07-10,-2489923.0,CLP,Cobro cliente - Proveedores,CC-006,DOC-001143,2101
2026-06-03,573624.0,CLP,Nota de debito - Proveedores,CC-006,DOC-001311,2101
2026-05-14,-854673.0,CLP,Pago de servicios - Capital,CC-003,DOC-002242,3101
2026-06-18,-1085127.0,CLP,Ajuste contable - Impuestos por Pagar,CC-007,DOC-001111,2102
2026-07-13,966683.0,CLP,Pago de servicios - Costo de Ventas,CC-008,DOC-002854,5101
2026-07-05,964348.0,CLP,Devolucion - Ventas,CC-007,DOC-001977,4101
2026-07-25,2230689.0,CLP,Nomina - Ventas,CC-003,DOC-001441,4101
2026-05-17,548936.0,CLP,Ajuste contable - Gastos de Venta,CC-001,DOC-001889,5103
2026-07-29,1287304.0,USD,Nomina - Gastos Administrativos,CC-006,DOC-001006,5102
2026-07-23,112424.0,CLP,Transferencia interna - Bancos,CC-008,DOC-001627,1102
2026-05-27,653550.0,CLP,Anticipo - Proveedores,CC-007,DOC-001632,2101
2026-06-26,1998233.0,CLP,Regularizacion - Gastos Administrativos,CC-004,DOC-001074,5102
2026-07-19,2076994.0,CLP,Cobro cliente - Ventas,CC-007,DOC-000578,4101
2026-06-28,2642098.0,CLP,Ajuste contable - Inventario,CC-006,DOC-002727,1301
2026-07-31,-2214535.0,CLP,Compra de mercaderia - Gastos de Venta,CC-006,DOC-002345,5103
2026-06-02,2820051.0,CLP,Nota de credito - Proveedores,CC-005,DOC-002263,2101
2026-01-26,-1343988.0,CLP,Devolucion - Prestamos Bancarios,CC-002,DOC-002302,2201
2026-06-14,2542164.0,CLP,Nota de credito - Gastos Administrativos,CC-004,DOC-000327,5102
2025-12-31,-2166174.0,CLP,Cobro cliente - Prestamos Bancarios,CC-007,DOC-001790,2201
2026-07-04,1693601.0,CLP,Anticipo - Caja,CC-004,DOC-000442,1101
2026-06-22,2064964.0,USD,Transferencia interna - Caja,CC-004,DOC-001858,1101
2026-07-09,2783778.0,CLP,Regularizacion - Caja,CC-005,DOC-002170,1101
2026-06-11,1972269.0,CLP,Pago de servicios - Costo de Ventas,CC-005,DOC-002832,5101
2026-05-24,777868.0,CLP,Ajuste contable - Clientes,CC-006,DOC-000832,1201
2026-07-23,-2418814.0,CLP,Nota de credito - Prestamos Bancarios,CC-008,DOC-002374,2201
2026-06-24,-232918.0,CLP,Pago a proveedor - Prestamos Bancarios,CC-005,DOC-002103,2201
2026-05-30,2677709.0,CLP,Compra de mercaderia - Inventario,CC-006,DOC-001414,1301
2026-07-11,1112074.0,CLP,Ajuste contable - Inventario,CC-007,DOC-001201,1301
2026-05-17,2794458.0,CLP,Anticipo - Inventario,CC-003,DOC-002314,1301
2026-07-26,-325695.0,CLP,Ajuste contable - Capital,CC-002,DOC-001499,3101
2026-06-07,-2225647.0,CLP,Nota de debito - Gastos de Venta,CC-001,DOC-002877,5103
2026-07-28,1738161.0,USD,Anticipo - Clientes,CC-007,DOC-000086,1201
2026-08-03,1879736.0,CLP,Pago de servicios - Costo de Ventas,CC-004,DOC-001403,5101
2026-05-28,333657.0,CLP,Regularizacion - Caja,CC-001,DOC-002926,1101
2026-07-19,-1660497.0,CLP,Nomina - Capital,CC-007,DOC-001481,3101
2026-07-18,-2557128.0,CLP,Provision mensual - Gastos de Venta,CC-004,DOC-000777,5103
2026-08-06,-283913.0,CLP,Nomina - Gastos de Venta,CC-002,DOC-000799,5103
2026-07-04,-2274192.0,CLP,Nota de credito - Gastos de Venta,CC-002,DOC-001666,5103
2026-07-13,602721.0,USD,Pago de servicios - Caja,CC-005,DOC-000054,1101
2026-07-23,2091450.0,CLP,Compra de mercaderia - Clientes,CC-003,DOC-002362,1201
2026-06-07,2845708.0,CLP,Provision mensual - Inventario,CC-003,DOC-001287,1301
2026-05-27,1781180.0,CLP,Transferencia interna - Clientes,CC-007,DOC-001667,1201
2026-07-07,2375433.0,CLP,Nomina - Gastos Administrativos,CC-003,DOC-002586,5102
2026-06-21,87857.0,CLP,Pago de servicios - Caja,CC-007,DOC-002154,1101
2025-08-07,1816591.0,CLP,Nota de credito - Caja,CC-007,DOC-001701,1101
2026-05-06,2033763.0,CLP,Pago de servicios - Clientes,CC-003,DOC-001245,1201
2026-07-02,1787157.0,CLP,Compra de mercaderia - Caja,CC-008,DOC-000113,1101
2026-08-03,1938888.0,CLP,Nota de debito - Bancos,CC-006,DOC-002806,1102
2026-07-27,1157419.0,CLP,Nota de credito - Bancos,CC-005,DOC-000987,1102
2025-10-01,-609748.0,CLP,Ajuste contable - Prestamos Bancarios,CC-005,DOC-000501,2201
2026-07-04,1378066.0,USD,Nota de debito - Caja,CC-001,DOC-002891,1101
2025-09-13,-1766028.0,CLP,Nomina - Proveedores,CC-006,DOC-001009,2101
2026-07-05,526569.0,CLP,Nota de credito - Caja,CC-003,DOC-001198,1101
2026-06-07,-2373701.0,CLP,Compra de mercaderia - Prestamos Bancarios,CC-003,DOC-001394,2201
2026-05-15,-941399.0,CLP,Pago a proveedor - Prestamos Bancarios,CC-005,DOC-000589,2201
2026-06-21,1972511.0,CLP,Nomina - Inventario,CC-004,DOC-000768,1301
2026-07-04,1307122.0,CLP,Nota de credito - Gastos Administrativos,CC-005,DOC-000017,5102
2026-07-01,1729549.0,CLP,Provision mensual - Inventario,CC-003,DOC-001042,1301
2026-06-10,141813.0,CLP,Compra de mercaderia - Costo de Ventas,CC-001,DOC-001447,5101
2026-06-29,-2058409.0,CLP,Pago a proveedor - Prestamos Bancarios,CC-002,DOC-002463,2201
2026-05-16,-1631857.0,CLP,Pago de servicios - Proveedores,CC-003,DOC-000285,2101
2025-10-04,767122.0,CLP,Transferencia interna - Proveedores,CC-006,DOC-002638,2101
2026-07-31,1536358.0,CLP,Regularizacion - Proveedores,CC-006,DOC-000428,2101
2026-05-17,1977264.0,CLP,Devolucion - Gastos de Venta,CC-007,DOC-001328,5103
2026-06-22,2241644.0,CLP,Pago de servicios - Gastos Administrativos,CC-005,DOC-001948,5102
2026-05-29,-810882.0,USD,Devolucion - Impuestos por Pagar,CC-004,DOC-000669,2102
2025-09-17,-753170.0,USD,Transferencia interna - Prestamos Bancarios,CC-002,DOC-000031,2201
2026-07-25,2188668.0,CLP,Regularizacion - Costo de Ventas,CC-005,DOC-001341,5101
2026-06-15,1679279.0,CLP,Transferencia interna - Caja,CC-004,DOC-000722,1101
2026-08-03,-1826413.0,CLP,Regularizacion - Impuestos por Pagar,CC-004,DOC-000951,2102
2026-05-12,1669493.0,CLP,Nota de credito - Caja,CC-002,DOC-001914,1101
2026-06-11,659162.0,CLP,Ajuste contable - Gastos Administrativos,CC-004,DOC-002293,5102
2026-07-20,-2164943.0,CLP,Nota de credito - Gastos de Venta,CC-004,DOC-000214,5103
2026-06-11,2817551.0,CLP,Pago a proveedor - Bancos,CC-008,DOC-000989,1102
2026-06-23,2483263.0,CLP,Ajuste contable - Gastos Administrativos,CC-001,DOC-001164,5102
2026-06-28,560167.0,CLP,Nota de debito - Ventas,CC-006,DOC-002792,4101
2026-07-05,2058402.0,CLP,Nota de credito - Costo de Ventas,CC-004,DOC-002005,5101
2026-06-18,1674074.0,CLP,Provision mensual - Ventas,CC-006,DOC-000326,4101
2026-06-26,1836018.0,CLP,Nota de credito - Costo de Ventas,CC-003,DOC-000560,5101
2026-06-10,188742.0,CLP,Pago a proveedor - Inventario,CC-005,DOC-001383,1301
2026-05-30,-311455.0,CLP,Nota de debito - Proveedores,CC-007,DOC-001724,2101
2026-05-25,2179105.0,CLP,Anticipo - Gastos Administrativos,CC-006,DOC-001086,5102
2026-08-01,-294233.0,CLP,Devolucion - Prestamos Bancarios,CC-003,DOC-002683,2201
2026-05-17,2802042.0,USD,Devolucion - Caja,CC-008,DOC-000341,1101
2026-06-04,2395626.0,CLP,Regularizacion - Ventas,CC-008,DOC-001653,4101
2026-07-13,1911671.0,CLP,Devolucion - Costo de Ventas,CC-003,DOC-000147,5101
2026-08-04,-693065.0,USD,Cobro cliente - Gastos de Venta,CC-008,DOC-002339,5103
2026-07-26,-2944886.0,USD,Anticipo - Prestamos Bancarios,CC-007,DOC-002412,2201
2026-03-19,505304.0,CLP,Pago de servicios - Ventas,CC-003,DOC-001107,4101
2026-05-31,-1156862.0,USD,Nomina - Capital,CC-003,DOC-000848,3101
2026-03-03,1075369.0,CLP,Pago de servicios - Clientes,CC-007,DOC-000966,1201
2025-10-19,272119.0,CLP,Ajuste contable - Clientes,CC-007,DOC-001072,1201
2025-08-07,531842.0,CLP,Pago de servicios - Clientes,CC-005,DOC-002464,1201
2026-06-09,-2317163.0,CLP,Cobro cliente - Impuestos por Pagar,CC-006,DOC-001905,2102
2026-05-31,987379.0,CLP,Devolucion - Caja,CC-002,DOC-000155,1101
2026-06-13,-2046376.0,CLP,Pago a proveedor - Impuestos por Pagar,CC-008,DOC-000665,2102
2026-05-31,2745452.0,CLP,Compra de mercaderia - Bancos,CC-004,DOC-000661,1102
2026-07-02,-2148591.0,CLP,Cobro cliente - Capital,CC-008,DOC-001002,3101
2026-07-25,725246.0,CLP,Regularizacion - Ventas,CC-002,DOC-002341,4101
2026-06-12,2280438.0,USD,Nota de credito - Gastos Administrativos,CC-002,DOC-002516,5102
2026-07-30,1298470.0,CLP,Pago de servicios - Bancos,CC-003,DOC-000176,1102
2026-07-01,1446316.0,CLP,Cobro cliente - Proveedores,CC-005,DOC-002654,2101
2026-07-15,-1144348.0,CLP,Provision mensual - Gastos de Venta,CC-007,DOC-001879,5103
2026-06-27,1204031.0,CLP,Anticipo - Proveedores,CC-001,DOC-001524,2101
2026-07-12,-1272564.0,CLP,Pago de servicios - Impuestos por Pagar,CC-001,DOC-002817,2102
2026-05-26,-1291473.0,USD,Nota de debito - Gastos de Venta,CC-004,DOC-001203,5103
2026-06-14,-367408.0,CLP,Pago de servicios - Capital,CC-001,DOC-000024,3101
2025-12-08,-683994.0,CLP,Nota de debito - Prestamos Bancarios,CC-002,DOC-002810,2201
2026-07-02,-562994.0,CLP,Provision mensual - Gastos de Venta,CC-002,DOC-002809,5103
2026-07-23,-1342822.0,CLP,Ajuste contable - Capital,CC-008,DOC-002077,3101
2026-05-20,1742711.0,USD,Provision mensual - Costo de Ventas,CC-003,DOC-002299,5101
2026-07-30,-2570040.0,CLP,Devolucion - Gastos de Venta,CC-003,DOC-000875,5103
2026-06-03,-848834.0,CLP,Regularizacion - Prestamos Bancarios,CC-003,DOC-002899,2201
2026-05-20,-69339.0,CLP,Pago a proveedor - Impuestos por Pagar,CC-004,DOC-000938,2102
2026-06-15,164454.0,CLP,Provision mensual - Inventario,CC-001,DOC-002697,1301
2026-06-11,-332611.0,CLP,Anticipo - Capital,CC-005,DOC-001552,3101
2026-07-31,-1962938.0,CLP,Cobro cliente - Proveedores,CC-007,DOC-000346,2101
2026-07-18,2870290.0,USD,Pago de servicios - Costo de Ventas,CC-003,DOC-002507,5101
2026-06-25,-2917097.0,CLP,Nota de debito - Gastos de Venta,CC-002,DOC-002083,5103
2026-06-06,-2561612.0,CLP,Nomina - Impuestos por Pagar,CC-006,DOC-002037,2102
2026-07-09,-2949344.0,CLP,Cobro cliente - Prestamos Bancarios,CC-008,DOC-001926,2201
2026-06-09,1585506.0,CLP,Anticipo - Proveedores,CC-007,DOC-000385,2101
2026-07-20,-2917348.0,CLP,Anticipo - Capital,CC-006,DOC-001829,3101
2026-05-14,-1471578.0,CLP,Regularizacion - Capital,CC-002,DOC-002161,3101
2025-07-25,2729376.0,CLP,Nomina - Clientes,CC-003,DOC-002508,1201
2026-07-07,2452783.0,CLP,Cobro cliente - Bancos,CC-008,DOC-002196,1102
2026-07-01,1950434.0,CLP,Nota de credito - Ventas,CC-003,DOC-000243,4101
2026-05-15,1675265.0,CLP,Nota de credito - Inventario,CC-004,DOC-002086,1301
2026-05-16,-888164.0,CLP,Nota de credito - Capital,CC-003,DOC-001826,3101
2026-07-06,340514.0,CLP,Ajuste contable - Bancos,CC-004,DOC-000936,1102
2026-06-09,-1805171.0,CLP,Pago a proveedor - Capital,CC-005,DOC-001689,3101
2026-08-01,2911672.0,USD,Compra de mercaderia - Gastos Administrativos,CC-005,DOC-002580,5102
2026-06-23,-1348369.0,USD,Nomina - Impuestos por Pagar,CC-007,DOC-000312,2102
2026-07-05,1205813.0,CLP,Devolucion - Caja,CC-003,DOC-001459,1101
2026-07-22,-2609842.0,CLP,Nomina - Gastos de Venta,CC-005,DOC-002925,5103
2025-07-27,1441776.0,CLP,Cobro cliente - Proveedores,CC-007,DOC-002107,2101
2026-06-03,-558745.0,CLP,Pago a proveedor - Impuestos por Pagar,CC-007,DOC-001332,
2026-05-22,553826.0,CLP,Regularizacion - Ventas,CC-006,DOC-000968,4101
2026-06-22,721136.0,CLP,Ajuste contable - Gastos de Venta,CC-008,DOC-001454,5103
2026-06-26,2010638.0,CLP,Pago a proveedor - Proveedores,CC-002,DOC-000660,2101
2026-07-09,-1078974.0,CLP,Provision mensual - Gastos de Venta,CC-005,DOC-001934,5103
2026-06-13,266490.0,CLP,Ajuste contable - Inventario,CC-005,DOC-000935,1301
2026-05-12,632897.0,CLP,Cobro cliente - Gastos de Venta,CC-007,DOC-000370,5103
2025-09-02,965298.0,CLP,Compra de mercaderia - Clientes,CC-001,DOC-000566,1201
2026-05-17,-1665613.0,CLP,Pago de servicios - Capital,CC-003,DOC-001973,3101
2026-07-24,-2925082.0,CLP,Pago a proveedor - Impuestos por Pagar,CC-004,DOC-001854,2102
2026-07-16,482279.0,CLP,Compra de mercaderia - Gastos Administrativos,CC-005,DOC-001024,5102
2026-07-06,1599166.0,CLP,Devolucion - Inventario,CC-002,DOC-000824,1301
2026-08-09,1588872.0,CLP,Compra de mercaderia - Bancos,CC-003,DOC-000982,1102
2026-06-05,1847451.0,CLP,Regularizacion - Costo de Ventas,CC-004,DOC-002672,5101
2026-05-26,2620040.0,CLP,Transferencia interna - Inventario,CC-006,DOC-000304,1301
2026-07-28,237050.0,CLP,Regularizacion - Costo de Ventas,CC-002,DOC-001645,5101
2026-06-07,1124529.0,USD,Regularizacion - Costo de Ventas,CC-003,DOC-002582,5101
2026-07-22,2111188.0,CLP,Pago a proveedor - Inventario,CC-002,DOC-002245,1301
2026-05-22,439426.0,CLP,Nota de credito - Ventas,CC-003,DOC-002118,4101
2026-07-15,1734306.0,USD,Nota de debito - Ventas,CC-006,DOC-000813,4101
2026-06-24,-1722141.0,USD,Compra de mercaderia - Gastos de Venta,CC-003,DOC-001792,5103
2026-08-08,,CLP,Ajuste contable - Inventario,CC-002,DOC-001430,1301
2026-08-09,2776678.0,USD,Provision mensual - Caja,CC-004,DOC-000778,1101
2026-07-17,2243488.0,CLP,Compra de mercaderia - Gastos Administrativos,CC-001,DOC-001749,5102
2026-07-05,2090647.0,CLP,Nomina - Ventas,CC-002,DOC-001320,4101
2026-06-14,2074868.0,CLP,Pago a proveedor - Bancos,CC-006,DOC-002399,1102
2026-06-16,2912703.0,CLP,Anticipo - Caja,CC-004,DOC-002871,1101
2026-05-15,1943471.0,CLP,Transferencia interna - Inventario,CC-003,DOC-001052,1301
2026-08-01,-312332.0,USD,Regularizacion - Prestamos Bancarios,CC-008,DOC-002321,2201
2026-05-29,1209072.0,CLP,Nota de credito - Caja,CC-002,DOC-001013,1101
2026-05-30,1130588.0,USD,Nomina - Ventas,CC-001,DOC-001928,4101
2026-07-15,1606112.0,CLP,Pago de servicios - Gastos Administrativos,CC-006,DOC-001401,5102
2026-05-20,2082680.0,CLP,Nota de debito - Proveedores,CC-004,DOC-001822,2101
2026-07-11,-2157328.0,CLP,Devolucion - Gastos de Venta,CC-005,DOC-002247,5103
2026-05-15,305606.0,CLP,Regularizacion - Ventas,CC-007,DOC-002493,
2026-06-13,-1745196.0,CLP,Devolucion - Impuestos por Pagar,CC-007,DOC-002591,2102
2026-06-11,-734974.0,CLP,Nomina - Prestamos Bancarios,CC-004,DOC-000126,2201
2026-07-20,1194559.0,CLP,Devolucion - Ventas,CC-005,DOC-002091,4101
2026-06-11,107855.0,CLP,Nota de debito - Inventario,CC-008,DOC-002134,1301
2026-06-01,122797.0,CLP,Provision mensual - Gastos Administrativos,CC-005,DOC-000887,5102
2026-07-30,-1074029.0,CLP,Nomina - Gastos de Venta,CC-008,DOC-002456,5103
2026-07-13,824572.0,CLP,Provision mensual - Clientes,CC-007,DOC-001347,1201
2026-07-10,707693.0,CLP,Cobro cliente - Caja,CC-002,DOC-001007,1101
2026-06-14,1474357.0,CLP,Nomina - Caja,CC-007,DOC-000355,1101
2026-06-02,1718770.0,CLP,Ajuste contable - Gastos Administrativos,CC-001,DOC-001003,5102
2026-08-08,1850700.0,CLP,Transferencia interna - Bancos,CC-002,DOC-001483,1102
2026-08-09,-533939.0,USD,Devolucion - Gastos de Venta,CC-006,DOC-000682,5103
2025-11-19,1624028.0,CLP,Pago a proveedor - Clientes,CC-008,DOC-000827,1201
2026-07-16,1160042.0,CLP,Nota de credito - Bancos,CC-001,DOC-002850,1102
2026-06-19,-504852.0,CLP,Pago a proveedor - Proveedores,CC-004,DOC-002204,2101
2026-07-06,20145.0,CLP,Regularizacion - Ventas,CC-003,DOC-002691,4101
2026-06-15,-2022209.0,CLP,Nomina - Gastos de Venta,CC-007,DOC-000984,5103
2026-06-04,990030.0,CLP,Transferencia interna - Costo de Ventas,CC-008,DOC-001233,5101
2026-06-17,1551258.0,CLP,Regularizacion - Bancos,CC-002,DOC-002553,1102
2026-05-07,-1401986.0,USD,Transferencia interna - Capital,CC-004,DOC-001639,3101
2026-07-18,514101.0,CLP,Nomina - Costo de Ventas,CC-004,DOC-000140,5101
2026-07-21,-2451589.0,CLP,Compra de mercaderia - Ventas,CC-001,DOC-000217,4101
2026-06-04,1182554.0,CLP,Pago de servicios - Proveedores,CC-005,DOC-002465,2101
2026-05-15,1145292.0,CLP,Compra de mercaderia - Costo de Ventas,CC-005,DOC-000362,5101
2026-08-04,2359576.0,CLP,Nota de debito - Costo de Ventas,CC-003,DOC-002664,5101
2025-10-16,-1379698.0,CLP,Nota de credito - Prestamos Bancarios,CC-004,DOC-000345,2201
2026-05-22,-452405.0,CLP,Nomina - Impuestos por Pagar,CC-003,DOC-002058,2102
2026-07-25,-1980954.0,CLP,Regularizacion - Ventas,CC-007,DOC-000022,4101
2026-01-03,2452666.0,CLP,Cobro cliente - Clientes,CC-004,DOC-000711,1201
2026-05-25,-2786316.0,CLP,Pago a proveedor - Gastos de Venta,CC-005,DOC-000747,5103
2026-07-13,2055420.0,CLP,Nota de debito - Gastos Administrativos,CC-001,DOC-000010,5102
2026-07-23,2300641.0,CLP,Pago de servicios - Gastos Administrativos,CC-006,DOC-002416,5102
2026-06-29,1524712.0,CLP,Regularizacion - Gastos Administrativos,CC-002,DOC-001834,5102
2026-08-09,1378635.0,CLP,Regularizacion - Costo de Ventas,CC-001,DOC-000793,5101
2026-07-25,1512498.0,CLP,Pago a proveedor - Caja,CC-007,DOC-002765,1101
2026-07-18,-1465212.0,CLP,Compra de mercaderia - Capital,CC-006,DOC-000094,3101
2026-05-18,1471473.0,CLP,Regularizacion - Costo de Ventas,CC-008,DOC-000129,5101
2026-05-18,-439937.0,CLP,Pago a proveedor - Impuestos por Pagar,CC-007,DOC-001900,2102
2026-07-02,1687171.0,USD,Provision mensual - Clientes,CC-004,DOC-002409,1201
2026-05-22,-2234437.0,CLP,Pago a proveedor - Prestamos Bancarios,CC-004,DOC-001932,2201
2026-07-07,280622.0,CLP,Devolucion - Gastos Administrativos,CC-007,DOC-002669,5102
2026-08-08,425108.0,CLP,Nota de debito - Proveedores,CC-008,DOC-001865,2101
2026-05-17,-418730.0,CLP,Compra de mercaderia - Prestamos Bancarios,CC-006,DOC-001658,2201
2026-07-08,-2248139.0,CLP,Compra de mercaderia - Impuestos por Pagar,CC-001,DOC-000516,2102
2026-07-10,485452.0,USD,Anticipo - Proveedores,CC-008,DOC-001857,2101
2026-06-16,2871505.0,CLP,Nota de debito - Costo de Ventas,CC-006,DOC-001277,5101
2026-07-27,927706.0,CLP,Provision mensual - Clientes,CC-008,DOC-000950,1201
2026-07-25,-1563807.0,CLP,Provision mensual - Prestamos Bancarios,CC-002,DOC-001120,2201
2026-07-29,424339.0,CLP,Nota de credito - Inventario,CC-007,DOC-000419,1301
2026-05-31,-2260471.0,CLP,Nomina - Capital,CC-004,DOC-000922,3101
2026-07-10,-2728361.0,CLP,Pago de servicios - Impuestos por Pagar,CC-003,DOC-002728,2102
2026-07-21,2198394.0,CLP,Transferencia interna - Proveedores,CC-006,DOC-000477,2101
2026-07-25,-2616760.0,USD,Pago a proveedor - Impuestos por Pagar,CC-001,DOC-002035,2102
2026-05-03,-2863648.0,CLP,Nota de credito - Prestamos Bancarios,CC-005,DOC-002177,2201
2026-05-21,-2456481.0,CLP,Anticipo - Gastos de Venta,CC-003,DOC-001692,5103
2026-06-01,-1433939.0,USD,Transferencia interna - Impuestos por Pagar,CC-002,DOC-002212,2102
2025-12-10,-497777.0,CLP,Nomina - Prestamos Bancarios,CC-008,DOC-001471,2201
2026-07-23,-2648756.0,CLP,Regularizacion - Gastos de Venta,CC-007,DOC-001202,5103
2026-06-28,149622.0,CLP,Regularizacion - Inventario,CC-007,DOC-001669,1301
2026-08-05,-1152578.0,CLP,Ajuste contable - Prestamos Bancarios,CC-002,DOC-002774,2201
2026-06-15,95873.0,CLP,Nota de debito - Ventas,CC-002,DOC-001970,4101
2026-07-29,2467305.0,USD,Devolucion - Clientes,CC-003,DOC-000820,1201
2026-07-17,2306805.0,CLP,Pago a proveedor - Gastos Administrativos,CC-001,DOC-001997,5102
,1701888.0,CLP,Ajuste contable - Clientes,CC-006,DOC-002868,1201
2026-06-24,2726725.0,CLP,Pago a proveedor - Inventario,CC-007,DOC-001248,1301
2026-06-25,1659889.0,CLP,Nota de credito - Bancos,CC-006,DOC-002872,1102
2026-08-04,2478426.0,CLP,Pago de servicios - Proveedores,CC-002,DOC-002649,2101
2026-05-20,1837949.0,CLP,Cobro cliente - Caja,CC-008,DOC-001046,1101
2026-07-21,-1260621.0,CLP,Regularizacion - Impuestos por Pagar,CC-003,DOC-001888,
2026-05-17,2399982.0,CLP,Nota de debito - Inventario,CC-008,DOC-000615,1301
2026-06-21,900810.0,CLP,Ajuste contable - Clientes,CC-001,DOC-001318,1201
2026-06-05,2982079.0,CLP,Provision mensual - Inventario,CC-001,DOC-002884,1301
2026-07-22,2511950.0,CLP,Provision mensual - Ventas,CC-008,DOC-002460,4101
2026-06-21,2744185.0,CLP,Ajuste contable - Costo de Ventas,CC-008,DOC-001772,5101
2026-06-29,81060.0,CLP,Pago a proveedor - Gastos de Venta,CC-001,DOC-002489,5103
2026-06-19,135724.0,CLP,Nota de credito - Costo de Ventas,CC-007,DOC-000131,5101
2025-11-12,-899345.0,CLP,Nomina - Capital,CC-004,DOC-000077,3101
2026-06-14,40937.0,CLP,Cobro cliente - Bancos,CC-006,DOC-002052,1102
2026-06-14,890540.0,CLP,Pago de servicios - Bancos,CC-008,DOC-000724,1102
2026-07-23,-1806389.0,CLP,Devolucion - Capital,CC-001,DOC-001314,3101
2026-06-18,2340366.0,CLP,Compra de mercaderia - Gastos Administrativos,CC-008,DOC-001851,5102
2026-07-24,1216539.0,USD,Compra de mercaderia - Ventas,CC-005,DOC-002296,4101
2026-07-03,2588465.0,CLP,Regularizacion - Ventas,CC-006,DOC-002486,4101
2026-08-05,405373.0,CLP,Pago de servicios - Bancos,CC-001,DOC-001372,1102
2026-07-09,887917.0,CLP,Pago de servicios - Inventario,CC-007,DOC-001855,1301
2026-06-17,-2035307.0,CLP,Nomina - Ventas,CC-002,DOC-001319,4101
2026-07-04,2671295.0,CLP,Nomina - Caja,CC-003,DOC-002874,1101
2026-07-16,-800775.0,CLP,Transferencia interna - Ventas,CC-002,DOC-002171,4101
2026-06-16,-322304.0,CLP,Provision mensual - Impuestos por Pagar,CC-004,DOC-000375,2102
2026-07-31,-2899046.0,USD,Ajuste contable - Capital,CC-007,DOC-001908,3101
2026-06-11,2286079.0,CLP,Provision mensual - Bancos,CC-006,DOC-000333,1102
2026-07-18,27279.0,CLP,Compra de mercaderia - Costo de Ventas,CC-007,DOC-002251,5101
2026-07-01,769036.0,CLP,Ajuste contable - Inventario,CC-005,DOC-002736,1301
2026-05-23,-2699768.0,CLP,Transferencia interna - Ventas,CC-007,DOC-001604,4101
2026-06-02,-1874957.0,CLP,Transferencia interna - Capital,CC-006,DOC-001118,3101
2026-05-20,348647.0,CLP,Nomina - Inventario,CC-008,DOC-002828,1301
2026-06-28,1600819.0,USD,Cobro cliente - Proveedores,CC-005,DOC-001943,2101
2026-05-28,766155.0,CLP,Regularizacion - Inventario,CC-004,DOC-002261,1301
2026-06-24,1331223.0,USD,Pago de servicios - Proveedores,CC-005,DOC-002549,2101
2026-07-21,1203178.0,CLP,Nomina - Proveedores,CC-003,DOC-001342,2101
2026-07-04,706314.0,USD,Anticipo - Clientes,CC-006,DOC-000320,1201
2026-08-09,685242.0,CLP,Nota de debito - Inventario,CC-001,DOC-001619,1301
2026-06-30,2023280.0,CLP,Nomina - Inventario,CC-006,DOC-002447,1301
2026-08-08,1494481.0,CLP,Regularizacion - Proveedores,CC-005,DOC-002060,2101
2026-07-28,2773925.0,CLP,Provision mensual - Proveedores,CC-003,DOC-001673,2101
2026-06-21,1857321.0,CLP,Nota de credito - Ventas,CC-007,DOC-001942,4101
2026-08-03,-478451.0,CLP,Transferencia interna - Capital,CC-004,DOC-000260,3101
2026-06-04,-454126.0,CLP,Nomina - Gastos de Venta,CC-003,DOC-002354,5103
2026-07-31,-2417398.0,USD,Regularizacion - Capital,CC-002,DOC-002039,3101
2026-05-29,-1217294.0,USD,Cobro cliente - Prestamos Bancarios,CC-003,DOC-000689,2201
2026-03-27,2121690.0,CLP,Compra de mercaderia - Caja,CC-007,DOC-000901,1101
2026-06-23,1421075.0,CLP,Nota de debito - Caja,CC-001,DOC-002026,1101
2026-07-29,1333817.0,CLP,Pago a proveedor - Gastos Administrativos,CC-001,DOC-000138,5102
2026-07-06,425619.0,CLP,Nota de credito - Bancos,CC-003,DOC-001917,1102
2026-07-08,1095665.0,CLP,Regularizacion - Clientes,CC-007,DOC-001828,1201
2026-06-12,-1264414.0,CLP,Pago a proveedor - Capital,CC-001,DOC-001573,3101
2026-06-20,1319694.0,CLP,Nota de debito - Inventario,CC-001,DOC-000319,1301
2026-05-13,-2847989.0,CLP,Nota de debito - Gastos de Venta,CC-006,DOC-000653,5103
2026-05-13,1552625.0,CLP,Ajuste contable - Proveedores,CC-001,DOC-002137,2101
2026-07-14,-659319.0,CLP,Anticipo - Gastos de Venta,CC-007,DOC-002322,5103
2026-06-18,1948295.0,CLP,Nota de credito - Gastos de Venta,CC-001,DOC-000558,5103
2026-01-16,-1944666.0,USD,Ajuste contable - Prestamos Bancarios,CC-002,DOC-000112,2201
2026-07-02,1264315.0,CLP,Pago de servicios - Inventario,CC-005,DOC-000531,1301
2026-07-11,906948.0,CLP,Nomina - Bancos,CC-008,DOC-000224,1102
2026-06-27,974424.0,CLP,Anticipo - Costo de Ventas,CC-003,DOC-000723,5101
2026-05-25,205048.0,CLP,Pago a proveedor - Costo de Ventas,CC-007,DOC-002428,5101
2026-06-15,2057041.0,CLP,Nomina - Inventario,CC-005,DOC-002570,1301
2026-07-24,356121.0,CLP,Ajuste contable - Inventario,CC-007,DOC-001433,1301
2026-07-21,706488.0,CLP,Ajuste contable - Inventario,CC-004,DOC-002329,1301
2026-06-15,-1952625.0,CLP,Cobro cliente - Capital,CC-008,DOC-001458,3101
2025-07-11,-774987.0,USD,Nota de debito - Prestamos Bancarios,CC-002,DOC-002701,2201
2026-06-26,-333546.0,CLP,Nomina - Gastos de Venta,CC-007,DOC-000846,5103
2026-07-30,-1312952.0,CLP,Nomina - Gastos de Venta,CC-002,DOC-000193,5103
2026-07-28,2752794.0,USD,Nota de debito - Bancos,CC-007,DOC-001464,1102
2026-07-21,-1603261.0,CLP,Pago a proveedor - Capital,CC-007,DOC-000946,3101
2026-06-26,-613006.0,CLP,Provision mensual - Impuestos por Pagar,CC-005,DOC-002021,2102
2026-05-24,1154889.0,CLP,Nomina - Caja,CC-007,DOC-001629,1101
2026-02-11,1414150.0,CLP,Compra de mercaderia - Costo de Ventas,CC-003,DOC-000117,5101
2026-08-05,2094440.0,USD,Transferencia interna - Ventas,CC-007,DOC-000645,4101
2026-06-16,2454179.0,CLP,Nota de credito - Bancos,CC-003,DOC-001870,1102
2026-06-28,837225.0,CLP,Nota de debito - Clientes,CC-006,DOC-000003,1201
2026-07-31,-419430.0,CLP,Nota de credito - Impuestos por Pagar,CC-003,DOC-000074,2102
2026-07-15,778350.0,CLP,Pago a proveedor - Bancos,CC-002,DOC-001755,1102
2026-07-01,1793363.0,CLP,Compra de mercaderia - Proveedores,CC-001,DOC-000467,2101
2026-07-26,-2919482.0,CLP,Devolucion - Gastos de Venta,CC-006,DOC-000005,5103
2026-05-16,1599235.0,CLP,Pago a proveedor - Inventario,CC-002,DOC-001246,1301
2026-05-28,671108.0,USD,Ajuste contable - Inventario,CC-001,DOC-000919,1301
2026-08-05,-1908834.0,USD,Compra de mercaderia - Prestamos Bancarios,CC-001,DOC-000228,2201
2026-07-27,2985629.0,CLP,Pago de servicios - Gastos de Venta,CC-008,DOC-001063,5103
2026-06-24,1119180.0,CLP,Anticipo - Gastos Administrativos,CC-003,DOC-000242,5102
2026-08-10,-2908903.0,CLP,Cobro cliente - Prestamos Bancarios,CC-003,DOC-002279,2201
2026-07-10,-1988520.0,CLP,Anticipo - Gastos de Venta,CC-006,DOC-001160,5103
2026-05-01,-1715276.0,CLP,Compra de mercaderia - Prestamos Bancarios,CC-008,DOC-002513,2201
2026-07-13,148264.0,CLP,Cobro cliente - Costo de Ventas,CC-006,DOC-001526,5101
2026-08-01,1709612.0,CLP,Regularizacion - Gastos Administrativos,CC-005,DOC-001605,5102
2026-05-17,177522.0,CLP,Provision mensual - Clientes,CC-004,DOC-002784,1201
2026-05-03,1373847.0,CLP,Ajuste contable - Caja,CC-001,DOC-002666,1101
2026-06-19,2599732.0,CLP,Devolucion - Inventario,CC-002,DOC-002665,
2026-06-23,-837870.0,USD,Nota de debito - Prestamos Bancarios,CC-008,DOC-001989,2201
2026-06-21,-1881637.0,USD,Regularizacion - Impuestos por Pagar,CC-007,DOC-002609,2102
2026-05-18,-2124374.0,CLP,Cobro cliente - Capital,CC-002,DOC-001975,
2026-01-12,-2290703.0,CLP,Nomina - Proveedores,CC-007,DOC-001761,2101
2026-06-30,2708432.0,CLP,Provision mensual - Clientes,CC-005,DOC-001305,1201
2026-07-22,-1193799.0,CLP,Pago de servicios - Impuestos por Pagar,CC-001,DOC-001541,2102
2026-07-06,2576847.0,CLP,Regularizacion - Gastos Administrativos,CC-004,DOC-000622,5102
2026-08-02,1703632.0,CLP,Compra de mercaderia - Gastos de Venta,CC-005,DOC-002313,5103
2026-05-29,-2353922.0,CLP,Compra de mercaderia - Ventas,CC-003,DOC-001493,4101
2025-09-23,2069667.0,CLP,Pago a proveedor - Clientes,CC-004,DOC-000110,1201
2026-07-06,-1626342.0,CLP,Pago de servicios - Gastos de Venta,CC-006,DOC-002487,5103
2026-05-18,2217750.0,CLP,Anticipo - Clientes,CC-003,DOC-001169,1201
2025-08-12,-958170.0,CLP,Ajuste contable - Gastos de Venta,CC-004,DOC-002461,5103
2026-07-16,2657942.0,CLP,Nomina - Proveedores,CC-008,DOC-000232,2101
2026-07-16,446325.0,CLP,Transferencia interna - Gastos Administrativos,CC-002,DOC-000066,5102
2026-06-02,-1309088.0,CLP,Transferencia interna - Prestamos Bancarios,CC-004,DOC-002707,2201
2026-08-03,-1423872.0,CLP,Pago de servicios - Gastos de Venta,CC-008,DOC-002072,5103
2026-06-01,154945.0,CLP,Compra de mercaderia - Bancos,CC-008,DOC-002192,1102
2026-08-10,-1358899.0,CLP,Nota de debito - Impuestos por Pagar,CC-003,DOC-000536,2102
2026-06-08,2798296.0,CLP,Nota de credito - Gastos Administrativos,CC-005,DOC-000125,5102
2026-05-22,2767321.0,CLP,Nota de credito - Bancos,CC-006,DOC-002133,1102
2026-08-05,206657.0,CLP,Compra de mercaderia - Gastos Administrativos,CC-008,DOC-001254,5102
2026-03-02,-2805846.0,CLP,Nota de debito - Prestamos Bancarios,CC-007,DOC-002484,2201
2026-06-04,1691175.0,CLP,Regularizacion - Gastos Administrativos,CC-007,DOC-001976,5102
2026-07-07,-2649646.0,CLP,Pago de servicios - Impuestos por Pagar,CC-007,DOC-002462,2102
2026-07-05,-537436.0,USD,Cobro cliente - Gastos de Venta,CC-002,DOC-002488,5103
2026-07-05,748438.0,CLP,Pago a proveedor - Ventas,CC-005,DOC-002075,4101
2026-08-10,149202.0,CLP,Ajuste contable - Proveedores,CC-007,DOC-000484,2101
2026-05-29,-882731.0,CLP,Provision mensual - Impuestos por Pagar,CC-006,DOC-001654,2102
2026-08-07,1116132.0,CLP,Ajuste contable - Costo de Ventas,CC-006,DOC-002676,5101
2026-07-10,-757587.0,CLP,Ajuste contable - Prestamos Bancarios,CC-005,DOC-002550,2201
2026-05-30,-1858257.0,CLP,Ajuste contable - Ventas,CC-004,DOC-002405,4101
2025-12-03,-1163512.0,CLP,Pago a proveedor - Prestamos Bancarios,CC-005,DOC-001774,2201
2026-06-12,841117.0,CLP,Nota de credito - Costo de Ventas,CC-004,DOC-000918,5101
2026-05-29,1117221.0,CLP,Nomina - Inventario,CC-002,DOC-001646,1301
2026-07-31,945145.0,CLP,Cobro cliente - Caja,CC-007,DOC-001026,1101
2026-07-11,2806823.0,CLP,Cobro cliente - Costo de Ventas,CC-003,DOC-001030,5101
2026-05-21,-7599.0,CLP,Nomina - Capital,CC-005,DOC-000882,3101
2026-07-01,373521.0,CLP,Ajuste contable - Ventas,CC-002,DOC-001335,4101
2026-06-10,2362101.0,CLP,Ajuste contable - Caja,CC-008,DOC-002222,1101
2026-07-10,-2164094.0,CLP,Anticipo - Impuestos por Pagar,CC-004,DOC-000364,2102
2026-07-03,2476570.0,CLP,Cobro cliente - Inventario,CC-004,DOC-002125,1301
2026-06-02,401274.0,USD,Anticipo - Gastos Administrativos,CC-008,DOC-000027,5102
2026-06-09,118701.0,CLP,Pago a proveedor - Ventas,CC-008,DOC-000473,4101
2026-05-26,1215275.0,CLP,Ajuste contable - Caja,CC-001,DOC-000525,1101
2026-06-07,1140235.0,CLP,Pago a proveedor - Caja,CC-006,DOC-000725,1101
2026-05-18,583424.0,CLP,Cobro cliente - Inventario,CC-005,DOC-000055,1301
2026-06-20,1800076.0,CLP,Pago a proveedor - Clientes,CC-005,DOC-000638,1201
2026-07-04,-1105794.0,USD,Transferencia interna - Gastos de Venta,CC-003,DOC-000302,5103
2026-06-19,1553330.0,USD,Nota de debito - Bancos,CC-004,DOC-002608,1102
2026-05-27,-218347.0,CLP,Cobro cliente - Capital,CC-007,DOC-001276,3101
2025-07-14,-2189841.0,CLP,Regularizacion - Prestamos Bancarios,CC-001,DOC-002635,2201
2026-05-27,642218.0,CLP,Compra de mercaderia - Costo de Ventas,CC-008,DOC-000624,
2026-07-17,-688194.0,CLP,Nota de credito - Impuestos por Pagar,CC-006,DOC-002055,2102
2026-05-15,446365.0,CLP,Devolucion - Proveedores,CC-003,DOC-001280,2101
2026-06-08,-359944.0,CLP,Provision mensual - Capital,CC-005,DOC-001049,3101
2026-06-08,1654174.0,USD,Pago de servicios - Costo de Ventas,CC-005,DOC-000336,5101
2026-07-06,137040.0,CLP,Ajuste contable - Gastos Administrativos,CC-005,DOC-000047,5102
2026-07-31,2981785.0,CLP,Nota de debito - Costo de Ventas,CC-007,DOC-000106,5101
2026-07-04,1707764.0,CLP,Pago a proveedor - Inventario,CC-002,DOC-001079,1301
2026-06-09,-2586613.0,CLP,Nomina - Prestamos Bancarios,CC-003,DOC-001144,2201
2026-07-08,1560676.0,USD,Ajuste contable - Bancos,CC-006,DOC-002440,1102
2026-07-10,-688878.0,CLP,Anticipo - Gastos de Venta,CC-005,DOC-001836,5103
2026-05-28,1160114.0,CLP,Provision mensual - Caja,CC-007,DOC-001753,1101
2026-07-19,602455.0,CLP,Cobro cliente - Gastos Administrativos,CC-007,DOC-001101,5102
2025-08-29,549451.0,CLP,Pago de servicios - Clientes,CC-002,DOC-001968,1201
2026-06-10,-196192.0,CLP,Compra de mercaderia - Proveedores,CC-005,DOC-000523,2101
2026-06-03,1610957.0,CLP,Nota de credito - Ventas,CC-007,DOC-001428,4101
2026-08-10,2599565.0,CLP,Cobro cliente - Ventas,CC-005,DOC-002607,4101
2026-05-22,201088.0,CLP,Devolucion - Ventas,CC-007,DOC-000603,4101
2026-06-24,2523105.0,CLP,Nota de credito - Caja,CC-006,DOC-001489,1101
2026-08-01,-455979.0,CLP,Anticipo - Proveedores,CC-001,DOC-002351,2101
2026-05-17,-2762709.0,CLP,Devolucion - Impuestos por Pagar,CC-002,DOC-000060,2102
2026-06-04,2358101.0,CLP,Transferencia interna - Bancos,CC-001,DOC-002749,1102
2026-05-23,1071302.0,CLP,Cobro cliente - Inventario,CC-002,DOC-000671,1301
2026-05-27,-808845.0,CLP,Cobro cliente - Capital,CC-005,DOC-000092,3101
2026-06-23,1902817.0,USD,Devolucion - Bancos,CC-004,DOC-000666,1102
2026-08-06,188238.0,CLP,Nota de credito - Clientes,CC-005,DOC-001887,1201
2026-06-19,-2073048.0,CLP,Nota de debito - Impuestos por Pagar,CC-008,DOC-000280,2102
2026-07-22,-1414128.0,USD,Pago a proveedor - Impuestos por Pagar,CC-005,DOC-001719,2102
2026-07-18,1295784.0,CLP,Regularizacion - Bancos,CC-007,DOC-000359,1102
2026-06-01,499193.0,CLP,Anticipo - Clientes,CC-001,DOC-000899,1201
2026-06-30,-1377323.0,USD,Compra de mercaderia - Capital,CC-003,DOC-001935,3101
2026-07-16,-385710.0,CLP,Cobro cliente - Ventas,CC-002,DOC-001994,4101
2026-07-09,-2071274.0,CLP,Nota de debito - Gastos de Venta,CC-005,DOC-002312,5103
2026-08-08,1132937.0,CLP,Compra de mercaderia - Gastos de Venta,CC-003,DOC-000760,5103
2025-12-20,1182836.0,CLP,Nota de debito - Gastos Administrativos,CC-006,DOC-002158,5102
2026-07-13,580901.0,CLP,Nomina - Proveedores,CC-003,DOC-002622,2101
2026-06-07,799275.0,USD,Cobro cliente - Bancos,CC-004,DOC-000042,1102
2026-07-06,326848.0,CLP,Ajuste contable - Caja,CC-002,DOC-002173,1101
2026-06-15,2973003.0,CLP,Anticipo - Caja,CC-003,DOC-000204,1101
2026-05-26,599687.0,CLP,Anticipo - Caja,CC-003,DOC-001473,1101
2026-07-10,237634.0,CLP,Pago a proveedor - Gastos Administrativos,CC-001,DOC-002100,5102
2026-05-09,-2678516.0,CLP,Cobro cliente - Prestamos Bancarios,CC-007,DOC-000068,2201
2026-07-15,928903.0,CLP,Regularizacion - Inventario,CC-001,DOC-001875,1301
2026-07-15,2461945.0,USD,Pago a proveedor - Caja,CC-002,DOC-002379,1101
2026-05-18,203630.0,CLP,Pago a proveedor - Costo de Ventas,CC-007,DOC-002231,5101
2026-07-05,2992291.0,CLP,Nomina - Gastos Administrativos,CC-002,DOC-000137,5102
2026-08-03,1961564.0,CLP,Pago a proveedor - Caja,CC-005,DOC-000796,1101
2026-06-22,1341265.0,CLP,Cobro cliente - Costo de Ventas,CC-007,DOC-002180,5101
2026-06-28,-1166303.0,CLP,Anticipo - Gastos de Venta,CC-008,DOC-002128,5103
2026-07-27,-918829.0,CLP,Pago de servicios - Impuestos por Pagar,CC-004,DOC-000758,2102
2026-07-02,-505225.0,CLP,Compra de mercaderia - Prestamos Bancarios,CC-005,DOC-000541,2201
2026-05-24,2559060.0,USD,Anticipo - Gastos Administrativos,CC-001,DOC-001019,5102
2026-06-01,-2265748.0,CLP,Nota de credito - Proveedores,CC-005,DOC-002288,2101
2026-07-23,2962644.0,CLP,Cobro cliente - Proveedores,CC-001,DOC-000165,2101
2026-05-13,1914912.0,CLP,Cobro cliente - Gastos de Venta,CC-004,DOC-000248,5103
2026-05-20,-2109697.0,CLP,Ajuste contable - Prestamos Bancarios,CC-002,DOC-001331,2201
2026-05-15,1692275.0,CLP,Nota de debito - Proveedores,CC-004,DOC-002017,2101
2026-06-18,1478626.0,USD,Nota de credito - Ventas,CC-005,DOC-000446,4101
2026-05-15,-2993874.0,CLP,Nota de credito - Capital,CC-002,DOC-001358,3101
2026-07-24,367428.0,CLP,Devolucion - Ventas,CC-004,DOC-002145,4101
2026-06-15,1105133.0,CLP,Transferencia interna - Proveedores,CC-004,DOC-001329,2101
2026-08-08,-917676.0,CLP,Anticipo - Proveedores,CC-006,DOC-002910,2101
2026-06-11,1437435.0,CLP,Ajuste contable - Inventario,CC-007,DOC-002150,1301
2026-04-09,-792534.0,USD,Devolucion - Prestamos Bancarios,CC-002,DOC-000434,2201
2026-06-05,1972391.0,CLP,Nota de credito - Ventas,CC-007,DOC-002122,4101
2026-04-17,-1661913.0,CLP,Anticipo - Capital,CC-008,DOC-000577,3101
2026-05-30,1790627.0,CLP,Nota de credito - Inventario,CC-008,DOC-002538,1301
2026-07-27,269717.0,CLP,Provision mensual - Caja,CC-003,DOC-002741,1101
2026-07-02,963448.0,CLP,Cobro cliente - Inventario,CC-005,DOC-001848,1301
2026-07-07,1990630.0,USD,Pago de servicios - Bancos,CC-002,DOC-000762,1102
2026-07-23,1534920.0,CLP,Ajuste contable - Clientes,CC-007,DOC-000388,1201
2026-06-08,1105204.0,CLP,Compra de mercaderia - Clientes,CC-002,DOC-000235,1201
2025-07-25,-1252091.0,CLP,Nota de credito - Proveedores,CC-008,DOC-002605,2101
2026-07-15,-1488349.0,CLP,Pago a proveedor - Gastos de Venta,CC-007,DOC-001984,5103
2026-06-08,1794569.0,CLP,Devolucion - Caja,CC-008,DOC-000267,1101
2026-07-15,-1959156.0,CLP,Devolucion - Capital,CC-004,DOC-000770,3101
2026-05-15,-2059509.0,CLP,Provision mensual - Gastos de Venta,CC-008,DOC-002165,5103
2026-08-05,-2576774.0,CLP,Pago de servicios - Gastos de Venta,CC-007,DOC-000437,5103
2026-07-01,-1479559.0,USD,Anticipo - Capital,CC-005,DOC-000673,3101
2025-09-01,83721.0,CLP,Pago de servicios - Clientes,CC-008,DOC-000249,1201
2026-08-05,205887.0,CLP,Pago a proveedor - Clientes,CC-005,DOC-002201,1201
2026-03-01,-1847550.0,CLP,Provision mensual - Prestamos Bancarios,CC-006,DOC-001574,2201
2026-05-13,-1292771.0,CLP,Nota de credito - Capital,CC-006,DOC-002142,3101
2026-04-24,,CLP,Nota de debito - Prestamos Bancarios,CC-001,DOC-002081,2201
2026-06-30,1120303.0,CLP,Pago a proveedor - Ventas,CC-001,DOC-002617,4101
2026-08-01,1365972.0,CLP,Transferencia interna - Gastos Administrativos,CC-005,DOC-002903,5102
2025-10-08,2517596.0,CLP,Provision mensual - Costo de Ventas,CC-001,DOC-002739,5101
2026-07-31,-1744408.0,CLP,Devolucion - Capital,CC-007,DOC-000448,3101
2026-07-19,255356.0,CLP,Compra de mercaderia - Proveedores,CC-008,DOC-001469,2101
2026-06-16,976918.0,CLP,Compra de mercaderia - Bancos,CC-002,DOC-000716,1102
2026-01-12,-1937181.0,CLP,Cobro cliente - Prestamos Bancarios,CC-001,DOC-002398,2201
2026-06-23,-2668016.0,CLP,Cobro cliente - Impuestos por Pagar,CC-002,DOC-002614,2102
2026-07-17,2101401.0,CLP,Ajuste contable - Ventas,CC-006,DOC-002048,4101
2026-01-30,2938694.0,CLP,Devolucion - Gastos Administrativos,CC-001,DOC-001901,5102
2026-05-21,1191278.0,CLP,Anticipo - Caja,CC-008,DOC-001168,1101
2026-06-11,63053.0,USD,Pago de servicios - Proveedores,CC-004,DOC-000082,2101
2026-07-23,155646.0,CLP,Devolucion - Gastos Administrativos,CC-005,DOC-002424,5102
2026-05-23,-2856375.0,CLP,Devolucion - Capital,CC-007,DOC-001460,3101
2026-01-17,280911.0,USD,Cobro cliente - Bancos,CC-008,DOC-001893,1102
2026-06-06,-2168987.0,CLP,Nota de debito - Impuestos por Pagar,CC-002,DOC-001668,2102
2026-06-15,-80802.0,CLP,Provision mensual - Impuestos por Pagar,CC-005,DOC-002000,2102
2026-07-23,-1761894.0,USD,Nota de debito - Impuestos por Pagar,CC-002,DOC-000475,2102
2025-07-23,-2340591.0,CLP,Provision mensual - Prestamos Bancarios,CC-004,DOC-000517,2201
2026-07-30,-1211538.0,CLP,Nota de credito - Capital,CC-006,DOC-000404,3101
2026-06-03,564945.0,CLP,Transferencia interna - Costo de Ventas,CC-002,DOC-000384,5101
2026-05-25,2525930.0,CLP,Pago de servicios - Gastos de Venta,CC-007,DOC-001442,5103
2026-08-01,1700641.0,CLP,Nota de debito - Bancos,CC-007,DOC-002152,1102
2026-08-03,-2423153.0,CLP,Nota de credito - Prestamos Bancarios,CC-005,DOC-001633,2201
2026-05-30,2784369.0,CLP,Nota de debito - Costo de Ventas,CC-004,DOC-002859,5101
2026-05-22,2870000.0,CLP,Devolucion - Costo de Ventas,CC-006,DOC-000688,5101
2026-07-15,-1520663.0,CLP,Cobro cliente - Capital,CC-008,DOC-001240,3101
2026-06-23,2033567.0,USD,Anticipo - Inventario,CC-005,DOC-000062,1301
2026-06-17,-1815697.0,CLP,Nota de credito - Impuestos por Pagar,CC-004,DOC-000852,2102
2026-06-29,1652963.0,CLP,Anticipo - Inventario,CC-006,DOC-002751,1301
2026-08-06,262600.0,CLP,Nomina - Costo de Ventas,CC-005,DOC-002476,5101
2026-07-24,-837989.0,CLP,Regularizacion - Gastos de Venta,CC-007,DOC-001262,5103
2026-07-31,-61917.0,CLP,Ajuste contable - Capital,CC-007,DOC-000223,3101
2025-09-30,839148.0,USD,Provision mensual - Clientes,CC-007,DOC-002193,1201
2025-11-08,-2106395.0,CLP,Cobro cliente - Ventas,CC-002,DOC-000373,4101
2026-03-01,448332.0,CLP,Provision mensual - Costo de Ventas,CC-006,DOC-001824,5101
2026-06-23,390778.0,CLP,Anticipo - Clientes,CC-004,DOC-002536,1201
2026-07-27,616100.0,CLP,Pago de servicios - Bancos,CC-007,DOC-002869,1102
2026-06-03,2091580.0,CLP,Nomina - Proveedores,CC-003,DOC-002597,2101
2026-05-27,1211425.0,CLP,Ajuste contable - Proveedores,CC-003,DOC-002684,2101
2026-06-03,2188735.0,CLP,Nomina - Costo de Ventas,CC-005,DOC-000009,5101
2026-07-31,974890.0,CLP,Pago a proveedor - Costo de Ventas,CC-004,DOC-001944,5101
2026-07-10,1759104.0,CLP,Transferencia interna - Caja,CC-002,DOC-001838,1101
2026-08-09,702267.0,CLP,Transferencia interna - Clientes,CC-004,DOC-000708,1201
2026-06-01,826981.0,CLP,Cobro cliente - Proveedores,CC-003,DOC-000255,2101
2026-06-16,-2105507.0,CLP,Cobro cliente - Prestamos Bancarios,CC-008,DOC-001617,2201
2025-08-09,,CLP,Ajuste contable - Prestamos Bancarios,CC-003,DOC-000389,2201
2026-07-26,1561869.0,CLP,Cobro cliente - Clientes,CC-008,DOC-001581,1201
2026-05-29,,CLP,Transferencia interna - Clientes,CC-008,DOC-000924,1201
2026-06-11,1143151.0,CLP,Nota de credito - Proveedores,CC-007,DOC-002036,2101
2026-07-04,439817.0,CLP,Anticipo - Bancos,CC-007,DOC-002403,1102
2026-05-25,2741688.0,CLP,Nomina - Costo de Ventas,CC-007,DOC-001224,5101
2026-07-14,440403.0,CLP,Pago a proveedor - Inventario,CC-008,DOC-001946,1301
2026-07-09,1083226.0,USD,Pago a proveedor - Ventas,CC-001,DOC-000739,4101
2026-07-01,719864.0,CLP,Compra de mercaderia - Proveedores,CC-008,DOC-000040,2101
2026-06-14,1149102.0,CLP,Pago a proveedor - Proveedores,CC-002,DOC-000868,2101
2026-08-09,2676559.0,CLP,Pago a proveedor - Gastos de Venta,CC-001,DOC-000539,5103
2026-07-23,713182.0,CLP,Devolucion - Inventario,CC-006,DOC-002510,1301
2025-10-01,22402.0,CLP,Nota de credito - Clientes,CC-004,DOC-001371,1201
2025-08-14,-955560.0,CLP,Cobro cliente - Prestamos Bancarios,CC-002,DOC-001145,2201
2026-06-15,1228085.0,CLP,Pago a proveedor - Inventario,CC-008,DOC-001031,1301
2025-07-09,-1440308.0,CLP,Regularizacion - Prestamos Bancarios,CC-007,DOC-000372,2201
2026-06-26,-1551930.0,CLP,Compra de mercaderia - Impuestos por Pagar,CC-004,DOC-000667,2102
2026-07-07,-466892.0,CLP,Nota de credito - Gastos de Venta,CC-007,DOC-000357,5103
2026-06-26,150901.0,CLP,Devolucion - Gastos Administrativos,CC-002,DOC-000967,5102
2026-05-12,1376071.0,CLP,Pago de servicios - Gastos Administrativos,CC-008,DOC-001353,5102
2026-05-13,-1091751.0,CLP,Provision mensual - Proveedores,CC-008,DOC-001035,2101
2026-06-22,1067640.0,CLP,Ajuste contable - Costo de Ventas,CC-003,DOC-000470,5101
2026-06-06,2914758.0,CLP,Nota de debito - Gastos Administrativos,CC-007,DOC-001396,5102
2026-08-04,-983989.0,CLP,Ajuste contable - Prestamos Bancarios,CC-001,DOC-002620,2201
2026-04-06,504103.0,CLP,Transferencia interna - Clientes,CC-003,DOC-001549,1201
2026-05-16,2774037.0,CLP,Ajuste contable - Gastos Administrativos,CC-006,DOC-001256,5102
2026-05-19,-2017180.0,CLP,Provision mensual - Capital,CC-003,DOC-002094,3101
2026-06-26,-906896.0,CLP,Regularizacion - Impuestos por Pagar,CC-008,DOC-001555,2102
2026-08-05,1485595.0,CLP,Provision mensual - Bancos,CC-003,DOC-002589,1102
2026-05-17,507809.0,CLP,Nomina - Bancos,CC-002,DOC-001250,1102
2026-07-26,2439923.0,CLP,Nomina - Caja,CC-003,DOC-001699,1101
2026-01-22,-322127.0,CLP,Pago a proveedor - Prestamos Bancarios,CC-007,DOC-001252,2201
2026-05-19,-1666642.0,CLP,Cobro cliente - Gastos de Venta,CC-001,DOC-002780,5103
2026-06-12,2759027.0,CLP,Nomina - Gastos de Venta,CC-001,DOC-000079,5103
2026-06-13,10855.0,CLP,Devolucion - Gastos Administrativos,CC-001,DOC-001172,5102
2026-07-06,2523014.0,CLP,Nomina - Bancos,CC-003,DOC-000814,1102
2026-07-02,1004498.0,CLP,Transferencia interna - Proveedores,CC-005,DOC-001852,2101
2026-07-17,1258036.0,CLP,Nota de debito - Caja,CC-003,DOC-002220,1101
2026-06-22,-88108.0,CLP,Compra de mercaderia - Impuestos por Pagar,CC-002,DOC-002628,2102
2026-05-15,2379324.0,CLP,Transferencia interna - Bancos,CC-003,DOC-002105,1102
2026-06-29,-2609752.0,CLP,Regularizacion - Ventas,CC-008,DOC-000133,4101
2026-05-12,930000.0,CLP,Devolucion - Costo de Ventas,CC-002,DOC-001140,5101
2026-06-14,1461250.0,CLP,Cobro cliente - Bancos,CC-008,DOC-000933,1102
2026-06-29,2208604.0,CLP,Devolucion - Gastos Administrativos,CC-006,DOC-000928,5102
2026-07-02,,CLP,Provision mensual - Ventas,CC-006,DOC-000823,4101
2026-06-04,725368.0,CLP,Transferencia interna - Gastos Administrativos,CC-005,DOC-001531,5102
2026-07-29,360171.0,CLP,Pago de servicios - Proveedores,CC-004,DOC-001214,2101
2025-07-25,-1765863.0,CLP,Cobro cliente - Prestamos Bancarios,CC-002,DOC-000504,2201
2026-07-09,-1078974.0,CLP,Provision mensual - Gastos de Venta,CC-005,DOC-001934,5103
2026-06-04,2495018.0,CLP,Pago a proveedor - Costo de Ventas,CC-002,DOC-002395,5101
2026-06-24,1317135.0,CLP,Anticipo - Inventario,CC-001,DOC-001996,1301
2026-05-15,1762683.0,CLP,Anticipo - Clientes,CC-001,DOC-001958,1201
2026-07-06,2829281.0,CLP,Provision mensual - Bancos,CC-006,DOC-001384,1102
2026-07-25,48024.0,CLP,Compra de mercaderia - Inventario,CC-002,DOC-000894,1301
2026-06-22,166131.0,CLP,Ajuste contable - Gastos Administrativos,CC-008,DOC-000828,5102
2026-05-23,2169546.0,CLP,Ajuste contable - Gastos Administrativos,CC-001,DOC-002920,5102
2026-07-14,14577.0,CLP,Provision mensual - Ventas,CC-003,DOC-001683,4101
2026-08-09,205652.0,CLP,Compra de mercaderia - Costo de Ventas,CC-003,DOC-002574,5101
2026-07-29,-2686501.0,CLP,Nomina - Ventas,CC-002,DOC-002289,4101
2025-09-16,-2212659.0,CLP,Provision mensual - Prestamos Bancarios,CC-003,DOC-002512,2201
2026-05-29,1036347.0,CLP,Devolucion - Proveedores,CC-002,DOC-000652,2101
2026-06-13,1519125.0,CLP,Nota de debito - Costo de Ventas,CC-002,DOC-000172,5101
2026-04-07,2027262.0,CLP,Cobro cliente - Clientes,CC-004,DOC-000038,1201
2026-07-08,-830985.0,CLP,Compra de mercaderia - Gastos de Venta,CC-007,DOC-002860,5103
2026-06-05,-1999694.0,CLP,Compra de mercaderia - Gastos de Venta,CC-006,DOC-000713,5103
2026-07-28,-1303403.0,CLP,Transferencia interna - Prestamos Bancarios,CC-003,DOC-000090,2201
2026-07-14,-659319.0,CLP,Anticipo - Gastos de Venta,CC-007,DOC-002322,5103
2026-06-11,2374037.0,CLP,Ajuste contable - Inventario,CC-007,DOC-001205,1301
2026-05-20,2005611.0,USD,Regularizacion - Costo de Ventas,CC-008,DOC-002585,5101
2026-06-22,775631.0,CLP,Provision mensual - Clientes,CC-005,DOC-001827,1201
2026-05-23,-871302.0,USD,Pago a proveedor - Capital,CC-001,DOC-001155,3101
2026-07-23,1132785.0,USD,Devolucion - Gastos Administrativos,CC-003,DOC-001324,5102
2026-05-29,2953397.0,CLP,Compra de mercaderia - Inventario,CC-007,DOC-000216,1301
2026-06-15,2323223.0,CLP,Anticipo - Proveedores,CC-002,DOC-000510,2101
2026-06-05,955994.0,CLP,Devolucion - Bancos,CC-001,DOC-001680,1102
2026-06-05,2402349.0,CLP,Cobro cliente - Ventas,CC-008,DOC-000499,4101
2026-05-30,-2743049.0,CLP,Pago de servicios - Prestamos Bancarios,CC-007,DOC-002548,2201
2025-07-29,-2218356.0,CLP,Anticipo - Prestamos Bancarios,CC-008,DOC-001856,2201
2026-06-25,-2230081.0,CLP,Anticipo - Impuestos por Pagar,CC-006,DOC-001388,2102
2026-07-01,2441116.0,CLP,Pago a proveedor - Gastos Administrativos,CC-008,DOC-001519,5102
2026-02-20,-2825092.0,CLP,Regularizacion - Prestamos Bancarios,CC-003,DOC-002386,2201
2026-05-23,-1022654.0,CLP,Pago a proveedor - Capital,CC-008,DOC-002721,3101
2026-07-04,80725.0,CLP,Cobro cliente - Proveedores,CC-006,DOC-002076,2101
2026-06-14,-1059111.0,CLP,Regularizacion - Capital,CC-002,DOC-001540,3101
2026-06-27,2350469.0,CLP,Anticipo - Proveedores,CC-001,DOC-001217,2101
2026-07-28,1636203.0,CLP,Nomina - Caja,CC-003,DOC-001416,1101
2025-08-04,2187350.0,CLP,Ajuste contable - Ventas,CC-007,DOC-002217,4101
2026-06-25,1472638.0,CLP,Pago a proveedor - Proveedores,CC-008,DOC-002621,2101
2026-07-25,-2493958.0,CLP,Nota de credito - Gastos de Venta,CC-002,DOC-001676,5103
2026-02-01,1895847.0,USD,Pago de servicios - Clientes,CC-001,DOC-001197,1201
2026-07-29,-152158.0,CLP,Nomina - Capital,CC-004,DOC-001542,3101
2026-05-25,1817208.0,USD,Devolucion - Inventario,CC-006,DOC-000953,1301
2026-06-21,448297.0,CLP,Transferencia interna - Inventario,CC-001,DOC-000750,1301
2026-06-24,1313669.0,CLP,Nomina - Proveedores,CC-006,DOC-000234,2101
2026-08-03,-2471811.0,CLP,Pago a proveedor - Impuestos por Pagar,CC-002,DOC-000732,2102
2026-06-02,2290174.0,USD,Anticipo - Gastos Administrativos,CC-006,DOC-001631,5102
2026-07-09,-2519266.0,CLP,Pago de servicios - Capital,CC-004,DOC-001156,3101
2025-08-21,-2010846.0,CLP,Anticipo - Prestamos Bancarios,CC-002,DOC-002573,2201
2026-06-05,2340758.0,CLP,Nota de debito - Inventario,CC-001,DOC-002445,1301
2026-05-29,-475842.0,CLP,Compra de mercaderia - Prestamos Bancarios,CC-002,DOC-001209,2201
2026-07-07,1691926.0,CLP,Provision mensual - Clientes,CC-001,DOC-001065,1201
2026-05-21,476069.0,CLP,Compra de mercaderia - Gastos Administrativos,CC-008,DOC-002156,5102
2026-08-04,693432.0,CLP,Compra de mercaderia - Caja,CC-003,DOC-001062,1101
2026-06-08,-2902053.0,CLP,Nota de credito - Gastos de Venta,CC-004,DOC-001167,5103
2026-07-01,-1554245.0,CLP,Nota de debito - Gastos de Venta,CC-003,DOC-001492,5103
2026-05-22,1871425.0,CLP,Regularizacion - Caja,CC-002,DOC-002474,1101
2026-08-02,-1622686.0,CLP,Nota de credito - Capital,CC-008,DOC-000884,3101
2026-05-27,-900967.0,USD,Nota de credito - Capital,CC-005,DOC-000143,3101
2026-05-15,1943471.0,CLP,Transferencia interna - Inventario,CC-003,DOC-001052,1301
2026-07-24,258567.0,CLP,Nomina - Gastos Administrativos,CC-008,DOC-000850,5102
2026-08-09,-2906661.0,CLP,Nota de credito - Prestamos Bancarios,CC-008,DOC-000717,2201
2026-02-12,349855.0,CLP,Pago a proveedor - Clientes,CC-008,DOC-002864,1201
2026-07-21,2441366.0,USD,Nota de credito - Inventario,CC-006,DOC-000264,1301
2026-06-18,-1225760.0,CLP,Provision mensual - Gastos de Venta,CC-007,DOC-000075,5103
2026-06-02,2470732.0,CLP,Nota de debito - Costo de Ventas,CC-001,DOC-000395,5101
2026-07-05,1595486.0,USD,Cobro cliente - Inventario,CC-006,DOC-002545,1301
2026-07-08,-1733245.0,CLP,Nota de credito - Capital,CC-006,DOC-002224,3101
2026-06-26,-2759659.0,CLP,Cobro cliente - Capital,CC-002,DOC-002799,3101
2026-07-14,-2969378.0,CLP,Nota de debito - Gastos de Venta,CC-004,DOC-000396,5103
2026-05-20,-1549009.0,USD,Anticipo - Proveedores,CC-008,DOC-001365,2101
2026-02-19,-615851.0,CLP,Pago de servicios - Prestamos Bancarios,CC-001,DOC-002500,2201
2026-05-29,1219942.0,USD,Transferencia interna - Gastos Administrativos,CC-005,DOC-001903,5102
2026-05-18,906959.0,CLP,Regularizacion - Gastos Administrativos,CC-006,DOC-000595,5102
2026-08-05,1971547.0,USD,Compra de mercaderia - Caja,CC-005,DOC-002109,1101
2026-06-04,842005.0,CLP,Provision mensual - Caja,CC-006,DOC-001296,1101
2026-06-19,-1971328.0,CLP,Transferencia interna - Gastos de Venta,CC-004,DOC-001821,5103
2026-04-07,40824.0,CLP,Cobro cliente - Gastos Administrativos,CC-008,DOC-000872,5102
2026-08-08,2414296.0,CLP,Pago de servicios - Caja,CC-007,DOC-002911,1101
2026-07-14,-2388188.0,CLP,Cobro cliente - Capital,CC-002,DOC-002326,3101
2026-02-06,-1512204.0,CLP,Compra de mercaderia - Gastos de Venta,CC-004,DOC-001548,5103
2026-05-28,2208533.0,CLP,Pago de servicios - Inventario,CC-001,DOC-000036,1301
2026-07-16,2735405.0,CLP,Transferencia interna - Caja,CC-002,DOC-002526,1101
2026-06-18,1423606.0,CLP,Regularizacion - Gastos Administrativos,CC-007,DOC-002143,5102
2026-08-08,2089617.0,CLP,Pago a proveedor - Inventario,CC-004,DOC-001088,1301
2025-09-06,2273215.0,CLP,Cobro cliente - Bancos,CC-001,DOC-000977,1102
2026-06-01,602572.0,CLP,Devolucion - Proveedores,CC-008,DOC-001571,2101
2026-07-03,2180895.0,USD,Cobro cliente - Inventario,CC-001,DOC-001122,1301
2026-08-05,1845018.0,CLP,Provision mensual - Costo de Ventas,CC-003,DOC-002239,5101
2025-10-30,-2288694.0,CLP,Ajuste contable - Prestamos Bancarios,CC-003,DOC-001892,2201
2026-06-17,1437569.0,CLP,Regularizacion - Caja,CC-006,DOC-000675,1101
2026-08-02,136113.0,USD,Ajuste contable - Bancos,CC-001,DOC-000728,1102
2026-07-20,160103.0,CLP,Nota de credito - Gastos Administrativos,CC-004,DOC-000412,5102
,2151824.0,CLP,Anticipo - Caja,CC-006,DOC-001516,1101
2026-07-04,2791274.0,USD,Pago a proveedor - Clientes,CC-002,DOC-001649,1201
2026-07-06,-347809.0,CLP,Cobro cliente - Proveedores,CC-004,DOC-000825,2101
2026-07-04,2016697.0,CLP,Provision mensual - Gastos Administrativos,CC-008,DOC-000616,5102
2026-07-03,2100702.0,USD,Regularizacion - Bancos,CC-008,DOC-000114,1102
2026-07-23,209893.0,CLP,Anticipo - Gastos Administrativos,CC-003,DOC-000417,5102
2026-06-07,-317613.0,CLP,Nomina - Impuestos por Pagar,CC-008,DOC-001625,2102
2026-07-29,16527.0,CLP,Ajuste contable - Ventas,CC-005,DOC-002939,4101
2026-05-18,-1114860.0,CLP,Pago de servicios - Impuestos por Pagar,CC-001,DOC-000089,2102
2026-07-25,-1492546.0,CLP,Cobro cliente - Ventas,CC-003,DOC-002082,4101
2026-06-16,973618.0,USD,Cobro cliente - Inventario,CC-002,DOC-000753,1301
2026-01-26,-1141084.0,CLP,Regularizacion - Capital,CC-001,DOC-001630,3101
2026-07-01,1206489.0,CLP,Anticipo - Inventario,CC-006,DOC-000011,1301
2026-07-26,-1363453.0,CLP,Nomina - Prestamos Bancarios,CC-008,DOC-002444,2201
2026-05-12,-1469564.0,CLP,Nota de debito - Gastos de Venta,CC-005,DOC-000284,5103
2026-07-18,1252175.0,CLP,Devolucion - Ventas,CC-002,DOC-001066,4101
2026-05-31,2576813.0,CLP,Provision mensual - Ventas,CC-004,DOC-001191,4101
2026-05-12,685808.0,USD,Compra de mercaderia - Costo de Ventas,CC-002,DOC-001440,5101
2025-12-19,2218678.0,CLP,Regularizacion - Clientes,CC-008,DOC-002801,1201
2026-06-14,-281672.0,USD,Compra de mercaderia - Impuestos por Pagar,CC-006,DOC-002800,2102
2026-06-02,-147061.0,CLP,Transferencia interna - Prestamos Bancarios,CC-008,DOC-002710,2201
2026-06-11,2799140.0,CLP,Nomina - Proveedores,CC-007,DOC-001568,2101
2026-06-09,-2176340.0,USD,Pago a proveedor - Ventas,CC-003,DOC-002427,4101
2026-05-22,782177.0,CLP,Regularizacion - Gastos Administrativos,CC-002,DOC-002577,5102
2026-07-05,1261684.0,CLP,Provision mensual - Inventario,CC-007,DOC-001687,1301
2026-06-17,-1871629.0,CLP,Transferencia interna - Gastos de Venta,CC-007,DOC-000851,5103
2026-07-23,-1352572.0,CLP,Nota de debito - Prestamos Bancarios,CC-003,DOC-002207,2201
2026-05-27,-196553.0,CLP,Cobro cliente - Capital,CC-008,DOC-000895,3101
2026-05-17,294624.0,CLP,Nota de debito - Clientes,CC-007,DOC-000496,1201
2026-07-06,-1315165.0,CLP,Nomina - Capital,CC-008,DOC-002305,3101
2026-05-24,2184248.0,CLP,Pago a proveedor - Inventario,CC-008,DOC-001782,1301
2026-05-28,2161436.0,CLP,Provision mensual - Ventas,CC-007,DOC-000335,4101
2025-11-02,1468916.0,CLP,Transferencia interna - Gastos Administrativos,CC-006,DOC-000515,5102
2026-07-26,531315.0,CLP,Compra de mercaderia - Bancos,CC-008,DOC-001348,1102
2026-04-02,-1956353.0,CLP,Nota de debito - Prestamos Bancarios,CC-005,DOC-001015,2201
2026-08-05,113918.0,USD,Transferencia interna - Gastos Administrativos,CC-003,DOC-002808,5102
2026-05-20,2801608.0,CLP,Nota de credito - Gastos Administrativos,CC-007,DOC-002803,5102
2026-08-10,1014661.0,USD,Anticipo - Gastos Administrativos,CC-005,DOC-001781,5102
2026-08-08,1343077.0,CLP,Cobro cliente - Proveedores,CC-006,DOC-001785,2101
2026-06-22,2251826.0,CLP,Transferencia interna - Ventas,CC-008,DOC-002070,4101
2026-05-18,1143318.0,CLP,Compra de mercaderia - Clientes,CC-004,DOC-000356,1201
2025-10-26,2925279.0,CLP,Anticipo - Inventario,CC-003,DOC-002852,1301
2026-07-25,1561655.0,CLP,Provision mensual - Gastos Administrativos,CC-002,DOC-001312,5102
2026-07-11,-399959.0,CLP,Compra de mercaderia - Gastos de Venta,CC-002,DOC-001635,5103
2026-05-25,603249.0,CLP,Regularizacion - Bancos,CC-004,DOC-000550,1102
2026-07-04,394507.0,CLP,Nota de credito - Caja,CC-001,DOC-002388,1101
2026-06-04,296647.0,CLP,Pago de servicios - Gastos de Venta,CC-001,DOC-002479,5103
2026-07-18,714204.0,CLP,Pago a proveedor - Gastos Administrativos,CC-001,DOC-002521,5102
2026-06-22,1684460.0,CLP,Regularizacion - Bancos,CC-004,DOC-002265,1102
2026-05-25,1468397.0,CLP,Cobro cliente - Caja,CC-007,DOC-001227,1101
2026-06-03,2579290.0,CLP,Pago de servicios - Gastos de Venta,CC-008,DOC-002822,5103
2026-05-26,262804.0,CLP,Transferencia interna - Clientes,CC-006,DOC-000957,1201
2025-12-08,1309025.0,CLP,Devolucion - Inventario,CC-003,DOC-001773,1301
2026-05-13,-2844383.0,CLP,Ajuste contable - Gastos de Venta,CC-001,DOC-002141,5103
2026-07-20,64037.0,CLP,Nomina - Proveedores,CC-007,DOC-001008,2101
2026-06-21,157512.0,CLP,Devolucion - Inventario,CC-007,DOC-001092,1301
2026-06-13,2355810.0,CLP,Regularizacion - Clientes,CC-007,DOC-002674,1201
2026-08-04,2491786.0,CLP,Pago a proveedor - Caja,CC-003,DOC-000996,1101
2026-06-06,2017884.0,CLP,Pago a proveedor - Proveedores,CC-007,DOC-001679,2101
2026-06-21,46686.0,CLP,Devolucion - Ventas,CC-005,DOC-000153,4101
2026-07-02,2722782.0,CLP,Devolucion - Gastos Administrativos,CC-007,DOC-002782,5102
2026-06-28,2911622.0,CLP,Nomina - Proveedores,CC-005,DOC-000580,2101
2026-05-17,-2679755.0,CLP,Pago a proveedor - Prestamos Bancarios,CC-002,DOC-001470,2201
2026-05-31,1314134.0,CLP,Nota de credito - Inventario,CC-007,DOC-000703,1301
2026-06-23,-79031.0,CLP,Compra de mercaderia - Capital,CC-002,DOC-001212,3101
2026-07-13,194015.0,CLP,Pago de servicios - Costo de Ventas,CC-007,DOC-000896,5101
2026-06-23,-486909.0,CLP,Cobro cliente - Impuestos por Pagar,CC-006,DOC-000487,2102
2025-07-13,1450611.0,CLP,Transferencia interna - Clientes,CC-003,DOC-000559,1201
2026-06-02,1732682.0,CLP,Anticipo - Inventario,CC-004,DOC-001141,1301
2026-07-16,2643519.0,CLP,Regularizacion - Gastos Administrativos,CC-006,DOC-001119,5102
2026-08-02,936814.0,CLP,Regularizacion - Ventas,CC-001,DOC-000512,4101
2026-03-01,1322497.0,CLP,Regularizacion - Costo de Ventas,CC-005,DOC-000633,5101
2026-07-18,2527146.0,CLP,Cobro cliente - Gastos Administrativos,CC-005,DOC-002584,5102
2026-06-28,-1776477.0,CLP,Nota de credito - Impuestos por Pagar,CC-001,DOC-001664,2102
2026-08-01,-2521940.0,CLP,Compra de mercaderia - Capital,CC-005,DOC-001012,3101
2026-06-15,-2557438.0,CLP,Regularizacion - Impuestos por Pagar,CC-001,DOC-001931,2102
2026-07-01,1397146.0,CLP,Transferencia interna - Bancos,CC-001,DOC-001150,1102
2026-05-15,975122.0,CLP,Transferencia interna - Costo de Ventas,CC-001,DOC-002805,5101
2026-05-16,2508696.0,CLP,Pago a proveedor - Caja,CC-005,DOC-000116,1101
2026-06-05,-409582.0,CLP,Provision mensual - Proveedores,CC-004,DOC-000740,2101
2026-05-13,452057.0,CLP,Ajuste contable - Caja,CC-008,DOC-002763,1101
2026-06-09,569079.0,CLP,Pago de servicios - Inventario,CC-001,DOC-001974,1301
2026-06-07,53725.0,CLP,Transferencia interna - Costo de Ventas,CC-003,DOC-001081,5101
2026-06-19,2836740.0,CLP,Provision mensual - Costo de Ventas,CC-003,DOC-001810,5101
2026-07-30,-2439489.0,USD,Transferencia interna - Capital,CC-002,DOC-000830,3101
2026-07-21,-992762.0,CLP,Compra de mercaderia - Impuestos por Pagar,CC-007,DOC-000119,2102
2026-06-22,2792402.0,CLP,Devolucion - Bancos,CC-005,DOC-000656,1102
2026-05-14,-2042253.0,CLP,Provision mensual - Capital,CC-004,DOC-002732,3101
2026-06-14,724910.0,CLP,Nomina - Clientes,CC-002,DOC-002692,1201
2026-02-07,56238.0,CLP,Pago a proveedor - Clientes,CC-005,DOC-002932,1201
2026-07-27,-1447142.0,CLP,Provision mensual - Prestamos Bancarios,CC-003,DOC-000635,2201
2026-05-30,-603401.0,USD,Ajuste contable - Impuestos por Pagar,CC-001,DOC-000369,2102
2026-07-28,-1295629.0,CLP,Nota de debito - Proveedores,CC-007,DOC-000268,2101
2026-07-08,1518700.0,CLP,Pago a proveedor - Inventario,CC-002,DOC-000046,1301
2026-05-27,-2932825.0,CLP,Ajuste contable - Prestamos Bancarios,CC-002,DOC-000991,2201
2026-07-09,887233.0,CLP,Cobro cliente - Bancos,CC-008,DOC-000876,1102
2026-02-26,2182603.0,CLP,Nomina - Clientes,CC-007,DOC-000773,1201
2026-05-27,-2358994.0,CLP,Nota de credito - Capital,CC-008,DOC-001219,3101
2026-07-10,-320155.0,CLP,Nota de debito - Gastos de Venta,CC-006,DOC-001126,5103
2026-07-29,1080143.0,CLP,Compra de mercaderia - Bancos,CC-001,DOC-000004,1102
2026-02-19,698954.0,CLP,Transferencia interna - Bancos,CC-008,DOC-001595,1102
2026-06-01,1531545.0,USD,Cobro cliente - Inventario,CC-005,DOC-002311,1301
2026-07-27,2398940.0,CLP,Cobro cliente - Inventario,CC-004,DOC-002491,1301
2026-06-12,2030938.0,CLP,Transferencia interna - Ventas,CC-002,DOC-001077,4101
2026-05-14,1774956.0,CLP,Nomina - Bancos,CC-006,DOC-000837,1102
2026-07-11,1668243.0,CLP,Provision mensual - Bancos,CC-003,DOC-000681,1102
2026-03-12,-1309261.0,CLP,Devolucion - Prestamos Bancarios,CC-005,DOC-001715,2201
2026-08-05,-1523895.0,CLP,Pago a proveedor - Impuestos por Pagar,CC-001,DOC-002352,2102
2026-07-17,-1587322.0,CLP,Compra de mercaderia - Prestamos Bancarios,CC-004,DOC-002361,2201
2026-07-19,-462392.0,CLP,Pago a proveedor - Ventas,CC-006,DOC-002197,4101
2026-06-19,2679568.0,CLP,Cobro cliente - Bancos,CC-001,DOC-001148,1102
2026-07-16,566692.0,USD,Nomina - Bancos,CC-004,DOC-000574,1102
2026-08-05,2697279.0,CLP,Provision mensual - Caja,CC-002,DOC-000050,1101
2026-06-19,-2780061.0,CLP,Pago a proveedor - Gastos de Venta,CC-008,DOC-000853,5103
2026-06-03,162044.0,CLP,Nomina - Inventario,CC-003,DOC-001982,1301
2026-05-14,-1336793.0,CLP,Anticipo - Proveedores,CC-005,DOC-001823,2101
2026-08-07,-200769.0,CLP,Transferencia interna - Impuestos por Pagar,CC-008,DOC-000833,2102
2026-05-22,2940241.0,CLP,Regularizacion - Costo de Ventas,CC-005,DOC-001115,5101
2026-06-26,578577.0,CLP,Devolucion - Gastos Administrativos,CC-005,DOC-001166,5102
2026-03-22,408475.0,CLP,Nota de credito - Clientes,CC-001,DOC-002518,1201
2026-06-25,1282411.0,CLP,Cobro cliente - Ventas,CC-004,DOC-001906,4101
2026-06-19,-1024238.0,USD,Cobro cliente - Impuestos por Pagar,CC-004,DOC-000971,2102
2026-07-15,2441522.0,CLP,Anticipo - Clientes,CC-006,DOC-000399,1201
2026-06-17,-1790500.0,CLP,Provision mensual - Capital,CC-002,DOC-002559,3101
2026-08-08,2007650.0,CLP,Nota de debito - Proveedores,CC-005,DOC-002368,2101
2026-07-21,1620440.0,CLP,Regularizacion - Clientes,CC-001,DOC-000019,1201
2026-07-09,1432236.0,CLP,Transferencia interna - Caja,CC-006,DOC-000684,1101
2026-05-31,-1987305.0,CLP,Provision mensual - Prestamos Bancarios,CC-005,DOC-000035,2201
2026-07-11,23907.0,CLP,Regularizacion - Proveedores,CC-005,DOC-002829,2101
2026-05-19,899879.0,CLP,Nota de debito - Gastos Administrativos,CC-004,DOC-000524,5102
2026-06-27,1358332.0,CLP,Transferencia interna - Gastos Administrativos,CC-001,DOC-002455,5102
2026-08-05,-2973864.0,CLP,Regularizacion - Prestamos Bancarios,CC-001,DOC-000920,2201
2025-10-03,2584112.0,CLP,Transferencia interna - Costo de Ventas,CC-004,DOC-001841,5101
2026-06-20,-1877811.0,USD,Compra de mercaderia - Capital,CC-006,DOC-001890,3101
2026-06-09,2356707.0,CLP,Ajuste contable - Costo de Ventas,CC-007,DOC-000537,5101
2025-08-30,-2184035.0,USD,Nota de debito - Prestamos Bancarios,CC-002,DOC-001705,2201
2026-07-04,-1977219.0,CLP,Nomina - Gastos de Venta,CC-003,DOC-002931,5103
2026-07-05,2083472.0,USD,Provision mensual - Inventario,CC-002,DOC-000245,1301
2026-07-05,-1386735.0,CLP,Anticipo - Prestamos Bancarios,CC-001,DOC-000784,2201
2026-07-02,492941.0,CLP,Nomina - Gastos Administrativos,CC-004,DOC-001409,5102
2026-06-27,2166115.0,CLP,Nota de credito - Gastos de Venta,CC-001,DOC-002537,5103
2026-05-21,2821174.0,CLP,Provision mensual - Costo de Ventas,CC-008,DOC-000154,5101
2026-06-21,-1795537.0,CLP,Compra de mercaderia - Capital,CC-002,DOC-001686,3101
2026-06-25,1180533.0,CLP,Anticipo - Gastos Administrativos,CC-005,DOC-000625,5102
2026-01-25,1969790.0,CLP,Provision mensual - Clientes,CC-008,DOC-002876,1201
2026-08-02,991426.0,CLP,Pago de servicios - Gastos Administrativos,CC-005,DOC-001346,5102
2026-08-06,1673607.0,CLP,Cobro cliente - Bancos,CC-005,DOC-000569,1102
2026-06-03,654790.0,USD,Compra de mercaderia - Clientes,CC-008,DOC-002933,1201
2026-06-29,1013332.0,USD,Ajuste contable - Clientes,CC-006,DOC-001758,1201
2026-08-02,-25616.0,CLP,Devolucion - Capital,CC-007,DOC-001816,3101
2026-07-05,1026586.0,CLP,Nota de credito - Costo de Ventas,CC-003,DOC-002065,5101
2026-07-24,2592761.0,CLP,Nota de debito - Costo de Ventas,CC-007,DOC-000127,5101
2026-08-06,1693098.0,CLP,Devolucion - Inventario,CC-008,DOC-002004,1301
2026-07-09,1038713.0,USD,Transferencia interna - Gastos Administrativos,CC-008,DOC-002006,5102
2026-07-30,440943.0,CLP,Compra de mercaderia - Gastos Administrativos,CC-006,DOC-000980,5102
2025-07-19,-359960.0,CLP,Pago a proveedor - Gastos de Venta,CC-004,DOC-002725,5103
2026-05-17,2419570.0,CLP,Pago a proveedor - Ventas,CC-007,DOC-000190,4101
2025-09-27,2209059.0,CLP,Nota de credito - Ventas,CC-001,DOC-001139,4101
2026-06-28,-604789.0,CLP,Nomina - Impuestos por Pagar,CC-002,DOC-000992,2102
2026-06-03,932436.0,CLP,Nota de debito - Ventas,CC-002,DOC-000699,4101
2026-05-29,-2465750.0,CLP,Transferencia interna - Proveedores,CC-007,DOC-000606,2101
2026-06-17,2536240.0,USD,Anticipo - Costo de Ventas,CC-001,DOC-000180,5101
2026-06-12,923885.0,CLP,Regularizacion - Caja,CC-005,DOC-000301,1101
2026-07-31,-1296510.0,CLP,Pago a proveedor - Capital,CC-007,DOC-002544,3101
2026-06-21,1089342.0,CLP,Anticipo - Costo de Ventas,CC-005,DOC-002775,5101
2025-12-28,-1840730.0,CLP,Compra de mercaderia - Prestamos Bancarios,CC-006,DOC-001060,2201
2026-07-26,-2294651.0,CLP,Provision mensual - Prestamos Bancarios,CC-007,DOC-002819,2201
2026-05-19,944809.0,CLP,Ajuste contable - Caja,CC-005,DOC-002878,1101
2026-07-09,116865.0,CLP,Compra de mercaderia - Gastos Administrativos,CC-004,DOC-002565,5102
2026-06-29,2909463.0,CLP,Transferencia interna - Costo de Ventas,CC-006,DOC-001069,5101
2026-05-20,1733679.0,CLP,Nota de credito - Caja,CC-006,DOC-002524,1101
2026-06-24,2526628.0,CLP,Nomina - Bancos,CC-007,DOC-002205,1102
2026-05-18,730669.0,USD,Ajuste contable - Bancos,CC-008,DOC-001243,1102
2026-06-01,2583035.0,CLP,Devolucion - Ventas,CC-005,DOC-000016,4101
2026-07-20,1194559.0,CLP,Devolucion - Ventas,CC-005,DOC-002091,4101
2026-05-26,2984067.0,CLP,Pago a proveedor - Ventas,CC-001,DOC-000546,4101
2026-06-05,861590.0,CLP,Anticipo - Inventario,CC-004,DOC-000658,1301
2026-08-05,465419.0,CLP,Devolucion - Caja,CC-007,DOC-002704,1101
2026-02-18,-1900485.0,CLP,Cobro cliente - Impuestos por Pagar,CC-008,DOC-002735,2102
2026-06-10,-2984774.0,CLP,Pago a proveedor - Impuestos por Pagar,CC-003,DOC-001504,2102
2025-09-17,-2132190.0,CLP,Ajuste contable - Prestamos Bancarios,CC-004,DOC-000959,2201
2026-07-15,1103094.0,CLP,Nota de debito - Caja,CC-005,DOC-002331,1101
2026-08-04,-331118.0,USD,Ajuste contable - Impuestos por Pagar,CC-005,DOC-000797,2102
2026-06-08,1792233.0,CLP,Regularizacion - Bancos,CC-004,DOC-000225,1102
2026-05-26,1817219.0,CLP,Pago a proveedor - Gastos Administrativos,CC-004,DOC-002074,5102
2026-06-27,253861.0,CLP,Regularizacion - Gastos Administrativos,CC-006,DOC-001799,5102
2025-11-26,-2592783.0,CLP,Nomina - Prestamos Bancarios,CC-008,DOC-002485,2201
2026-07-09,887917.0,CLP,Pago de servicios - Inventario,CC-007,DOC-001855,
2026-06-22,970031.0,CLP,Pago a proveedor - Ventas,CC-008,DOC-002277,4101
2026-07-15,1348252.0,USD,Compra de mercaderia - Ventas,CC-004,DOC-002085,4101
2026-05-22,-335395.0,CLP,Ajuste contable - Ventas,CC-001,DOC-001693,4101
2026-06-23,2834548.0,CLP,Provision mensual - Clientes,CC-001,DOC-001045,1201
2026-06-03,2449774.0,USD,Pago a proveedor - Gastos Administrativos,CC-004,DOC-000469,5102
2025-10-05,-1112042.0,CLP,Compra de mercaderia - Prestamos Bancarios,CC-006,DOC-000954,2201
2026-08-06,1998332.0,USD,Ajuste contable - Inventario,CC-006,DOC-000945,1301
2026-05-25,2978364.0,CLP,Ajuste contable - Bancos,CC-004,DOC-000639,1102
2026-07-25,2540296.0,CLP,Nomina - Clientes,CC-002,DOC-002778,1201
2026-07-22,-2597071.0,CLP,Nota de credito - Capital,CC-004,DOC-001218,3101
2026-05-13,373316.0,CLP,Compra de mercaderia - Proveedores,CC-007,DOC-001158,2101
2026-08-03,-1632862.0,CLP,Regularizacion - Capital,CC-002,DOC-001415,3101
2026-06-08,-1888687.0,CLP,Pago a proveedor - Impuestos por Pagar,CC-002,DOC-002713,2102
2026-07-13,-514723.0,USD,Pago de servicios - Gastos de Venta,CC-001,DOC-001527,5103
2026-06-29,-1991420.0,CLP,Pago a proveedor - Prestamos Bancarios,CC-006,DOC-002921,2201
2026-06-11,-2960680.0,CLP,Cobro cliente - Impuestos por Pagar,CC-007,DOC-001300,2102
2026-05-28,-400076.0,CLP,Pago a proveedor - Impuestos por Pagar,CC-004,DOC-002866,2102
2026-05-20,-1586823.0,CLP,Provision mensual - Impuestos por Pagar,CC-008,DOC-001603,2102
2025-11-03,655723.0,CLP,Pago de servicios - Proveedores,CC-002,DOC-000160,2101
2025-10-15,-1685184.0,CLP,Nota de credito - Prestamos Bancarios,CC-004,DOC-001704,2201
2026-06-15,869459.0,USD,Nomina - Gastos de Venta,CC-007,DOC-000956,5103
2026-06-11,-960126.0,CLP,Pago de servicios - Capital,CC-003,DOC-002915,3101
2026-05-14,-2710658.0,CLP,Ajuste contable - Proveedores,CC-002,DOC-000877,2101
2026-07-28,2316116.0,CLP,Transferencia interna - Ventas,CC-005,DOC-001919,4101
2026-08-02,-1305276.0,CLP,Compra de mercaderia - Impuestos por Pagar,CC-004,DOC-001884,2102
2026-06-12,741138.0,CLP,Cobro cliente - Costo de Ventas,CC-004,DOC-002200,5101
2026-06-11,1662652.0,CLP,Nota de credito - Gastos Administrativos,CC-006,DOC-000098,5102
2026-08-04,2701153.0,CLP,Devolucion - Inventario,CC-008,DOC-002827,1301
2026-06-09,-904209.0,CLP,Nota de credito - Ventas,CC-004,DOC-002557,4101
2026-08-03,2495015.0,CLP,Compra de mercaderia - Clientes,CC-003,DOC-000253,1201
2026-07-25,-1915420.0,CLP,Pago a proveedor - Ventas,CC-005,DOC-000103,4101
2026-08-09,2270782.0,CLP,Regularizacion - Bancos,CC-004,DOC-001445,1102
2025-11-02,-1941708.0,CLP,Cobro cliente - Prestamos Bancarios,CC-002,DOC-001443,2201
2026-05-19,-1127273.0,USD,Compra de mercaderia - Impuestos por Pagar,CC-001,DOC-001648,2102
2026-07-23,2518949.0,CLP,Nota de debito - Proveedores,CC-001,DOC-000586,2101
2026-06-06,425410.0,CLP,Anticipo - Costo de Ventas,CC-003,DOC-000627,5101
2026-07-21,-2732408.0,CLP,Nota de credito - Gastos de Venta,CC-004,DOC-001696,5103
2026-08-09,2840627.0,USD,Compra de mercaderia - Costo de Ventas,CC-008,DOC-002101,5101
2025-09-13,471949.0,CLP,Anticipo - Clientes,CC-006,DOC-002199,1201
2026-07-23,1734389.0,CLP,Nomina - Gastos Administrativos,CC-007,DOC-000403,5102
2026-06-17,2884250.0,CLP,Pago a proveedor - Inventario,CC-001,DOC-001154,1301
2026-05-15,1977704.0,CLP,Regularizacion - Inventario,CC-005,DOC-002255,1301
2026-06-09,2442537.0,CLP,Provision mensual - Proveedores,CC-002,DOC-001682,2101
2026-06-12,-976481.0,CLP,Nomina - Prestamos Bancarios,CC-008,DOC-002056,2201
2026-07-30,1891746.0,CLP,Compra de mercaderia - Inventario,CC-004,DOC-002844,1301
2026-07-01,1222505.0,CLP,Nota de debito - Clientes,CC-004,DOC-000452,1201
2026-05-29,13439.0,CLP,Nota de credito - Proveedores,CC-001,DOC-002301,2101
2026-07-03,2065512.0,USD,Devolucion - Inventario,CC-007,DOC-001327,1301
2026-05-21,2508941.0,CLP,Nomina - Inventario,CC-005,DOC-002049,1301
2026-06-16,659068.0,CLP,Transferencia interna - Clientes,CC-005,DOC-000880,1201
2026-06-19,659007.0,CLP,Pago de servicios - Bancos,CC-006,DOC-002918,1102
2026-05-22,234005.0,CLP,Regularizacion - Proveedores,CC-001,DOC-000623,2101
2026-07-19,-2303946.0,CLP,Pago a proveedor - Gastos de Venta,CC-007,DOC-002393,5103
2026-03-31,2405368.0,CLP,Cobro cliente - Clientes,CC-007,DOC-002772,1201
2026-07-06,1039432.0,CLP,Anticipo - Gastos Administrativos,CC-004,DOC-001787,5102
2026-06-06,1687145.0,CLP,Transferencia interna - Clientes,CC-002,DOC-000262,1201
2026-05-29,-2159064.0,CLP,Nomina - Ventas,CC-008,DOC-001634,4101
2026-08-03,2644066.0,CLP,Regularizacion - Proveedores,CC-003,DOC-001438,2101
2026-06-06,2440851.0,CLP,Pago a proveedor - Clientes,CC-007,DOC-002198,1201
2026-05-26,1125634.0,CLP,Transferencia interna - Gastos Administrativos,CC-003,DOC-001969,5102
2026-05-30,1317918.0,CLP,Nota de credito - Ventas,CC-006,DOC-002520,4101
2026-07-11,1128977.0,CLP,Cobro cliente - Ventas,CC-002,DOC-001802,4101
2026-05-28,-2462257.0,CLP,Devolucion - Prestamos Bancarios,CC-005,DOC-000640,2201
2026-06-04,1434654.0,CLP,Anticipo - Inventario,CC-003,DOC-002385,1301
2026-07-22,-2971833.0,CLP,Anticipo - Proveedores,CC-002,DOC-002598,2101
2026-06-30,449749.0,CLP,Cobro cliente - Bancos,CC-004,DOC-002830,1102
2026-05-27,363452.0,CLP,Regularizacion - Gastos de Venta,CC-007,DOC-001959,5103
2026-06-10,2114991.0,CLP,Devolucion - Costo de Ventas,CC-003,DOC-000488,5101
2026-05-22,533713.0,CLP,Regularizacion - Costo de Ventas,CC-005,DOC-001843,5101
2026-08-09,591529.0,CLP,Provision mensual - Clientes,CC-001,DOC-001734,1201
2026-04-16,2732298.0,CLP,Compra de mercaderia - Proveedores,CC-004,DOC-000146,2101
2026-08-03,641364.0,CLP,Transferencia interna - Bancos,CC-007,DOC-001534,1102
2026-07-12,1118492.0,CLP,Pago a proveedor - Clientes,CC-003,DOC-001986,1201
2026-07-09,682155.0,CLP,Compra de mercaderia - Clientes,CC-006,DOC-001369,1201
2026-05-30,1196802.0,CLP,Anticipo - Costo de Ventas,CC-001,DOC-002450,5101
2026-07-29,1956805.0,CLP,Provision mensual - Costo de Ventas,CC-002,DOC-002936,
2026-08-06,1082421.0,CLP,Ajuste contable - Costo de Ventas,CC-002,DOC-000659,5101
2025-10-11,-1973352.0,CLP,Transferencia interna - Prestamos Bancarios,CC-006,DOC-001794,2201
2026-05-29,-2567818.0,CLP,Compra de mercaderia - Gastos de Venta,CC-005,DOC-002511,5103
2026-06-18,-823135.0,CLP,Cobro cliente - Capital,CC-006,DOC-000186,3101
2026-06-30,548466.0,CLP,Compra de mercaderia - Caja,CC-007,DOC-001147,1101
2026-05-13,-2545512.0,CLP,Compra de mercaderia - Gastos de Venta,CC-005,DOC-000608,5103
2026-06-25,148696.0,CLP,Nota de credito - Caja,CC-003,DOC-002191,1101
2026-05-12,-2711850.0,CLP,Nomina - Impuestos por Pagar,CC-001,DOC-001930,2102
2026-05-22,1484880.0,CLP,Nota de debito - Clientes,CC-008,DOC-000197,1201
2026-05-29,836622.0,CLP,Pago de servicios - Ventas,CC-008,DOC-002327,4101
2026-07-19,-2802098.0,CLP,Nomina - Prestamos Bancarios,CC-008,DOC-000293,2201
2026-06-27,-2054513.0,CLP,Regularizacion - Gastos de Venta,CC-005,DOC-000766,5103
2026-06-03,-509290.0,CLP,Anticipo - Ventas,CC-005,DOC-000400,4101
2026-08-04,614657.0,CLP,Compra de mercaderia - Gastos Administrativos,CC-008,DOC-000122,5102
2026-05-29,-1957253.0,CLP,Transferencia interna - Capital,CC-003,DOC-000202,3101
2026-06-30,-1670669.0,CLP,Transferencia interna - Gastos de Venta,CC-007,DOC-000835,5103
2025-08-17,-2625843.0,CLP,Nota de credito - Prestamos Bancarios,CC-004,DOC-002294,2201
2026-06-17,2041311.0,CLP,Regularizacion - Caja,CC-005,DOC-001439,1101
2026-05-24,1681583.0,USD,Nomina - Gastos de Venta,CC-006,DOC-001733,5103
2026-01-24,1089483.0,CLP,Ajuste contable - Gastos Administrativos,CC-007,DOC-001695,5102
2026-07-19,1712202.0,CLP,Transferencia interna - Caja,CC-008,DOC-002928,1101
2026-07-02,1000644.0,CLP,Cobro cliente - Costo de Ventas,CC-002,DOC-001707,5101
2026-05-13,-2711802.0,CLP,Devolucion - Capital,CC-004,DOC-002913,3101
2026-06-07,614353.0,USD,Pago de servicios - Bancos,CC-003,DOC-001153,1102
2026-06-01,2135589.0,CLP,Cobro cliente - Bancos,CC-003,DOC-001661,1102
2026-05-25,494332.0,CLP,Provision mensual - Gastos Administrativos,CC-007,DOC-002432,5102
2026-06-02,562551.0,CLP,Transferencia interna - Proveedores,CC-007,DOC-001759,2101
2026-05-28,-1447191.0,CLP,Nota de credito - Gastos de Venta,CC-005,DOC-000854,5103
2026-06-26,2888576.0,CLP,Nota de credito - Caja,CC-008,DOC-001589,1101
2026-07-08,511223.0,CLP,Compra de mercaderia - Bancos,CC-007,DOC-002267,1102
2026-06-28,2767444.0,CLP,Cobro cliente - Clientes,CC-004,DOC-000641,1201
2026-08-07,285617.0,CLP,Anticipo - Costo de Ventas,CC-001,DOC-000001,5101
2026-05-14,-1770736.0,CLP,Devolucion - Prestamos Bancarios,CC-003,DOC-002160,2201
2026-05-13,1620166.0,CLP,Transferencia interna - Clientes,CC-007,DOC-000698,1201
2026-07-04,1015909.0,CLP,Anticipo - Inventario,CC-005,DOC-001636,1301
2026-08-09,187864.0,CLP,Pago a proveedor - Gastos Administrativos,CC-001,DOC-001291,5102
2026-04-01,-2560709.0,CLP,Regularizacion - Prestamos Bancarios,CC-006,DOC-002856,2201
2026-06-29,81060.0,CLP,Pago a proveedor - Gastos de Venta,CC-001,DOC-002489,5103
2025-12-22,-1266606.0,CLP,Ajuste contable - Capital,CC-006,DOC-001520,3101
2026-06-18,-21989.0,USD,Pago a proveedor - Prestamos Bancarios,CC-007,DOC-001853,2201
2026-06-28,2345141.0,CLP,Nota de credito - Costo de Ventas,CC-003,DOC-001136,5101
2026-04-21,2408980.0,CLP,Nota de credito - Clientes,CC-006,DOC-002898,1201
2026-06-02,2290174.0,USD,Anticipo - Gastos Administrativos,CC-006,DOC-001631,5102
2026-01-03,2765910.0,CLP,Provision mensual - Clientes,CC-001,DOC-001998,1201
2026-05-31,-221796.0,CLP,Cobro cliente - Prestamos Bancarios,CC-005,DOC-000663,2201
2026-05-31,-2576213.0,CLP,Cobro cliente - Capital,CC-003,DOC-000683,3101
2026-05-14,957311.0,CLP,Transferencia interna - Clientes,CC-002,DOC-001257,1201
2026-06-18,1846695.0,USD,Pago a proveedor - Caja,CC-004,DOC-000317,1101
2026-05-08,1736072.0,CLP,Pago a proveedor - Inventario,CC-007,DOC-000648,1301
2025-10-06,-1118194.0,CLP,Cobro cliente - Gastos de Venta,CC-008,DOC-001434,5103
2026-07-26,2099455.0,CLP,Nomina - Ventas,CC-006,DOC-001479,4101
2026-06-08,-2993901.0,CLP,Nota de debito - Impuestos por Pagar,CC-001,DOC-000709,2102
2026-06-17,501642.0,CLP,Regularizacion - Ventas,CC-007,DOC-001282,4101
2026-06-12,-2120141.0,CLP,Cobro cliente - Capital,CC-007,DOC-001768,3101
2026-07-17,2386345.0,CLP,Nota de credito - Clientes,CC-002,DOC-000972,1201
2026-05-21,1699429.0,USD,Devolucion - Ventas,CC-008,DOC-002675,4101
2026-07-31,1662122.0,CLP,Anticipo - Caja,CC-006,DOC-002680,1101
2026-05-17,373679.0,CLP,Regularizacion - Gastos Administrativos,CC-008,DOC-001306,5102
2026-02-25,2826428.0,CLP,Nota de debito - Proveedores,CC-001,DOC-001400,2101
2026-07-19,570635.0,CLP,Nota de credito - Clientes,CC-003,DOC-001408,1201
2026-02-10,102890.0,CLP,Pago de servicios - Caja,CC-006,DOC-002237,1101
2026-06-13,1905217.0,CLP,Devolucion - Gastos de Venta,CC-004,DOC-001496,5103
2026-07-08,1659386.0,CLP,Compra de mercaderia - Clientes,CC-002,DOC-002038,1201
2026-05-24,2375925.0,CLP,Ajuste contable - Proveedores,CC-008,DOC-001529,2101
,-2092301.0,CLP,Compra de mercaderia - Prestamos Bancarios,CC-002,DOC-001663,2201
2026-06-17,1564181.0,USD,Provision mensual - Ventas,CC-005,DOC-001354,4101
2026-02-12,2347422.0,CLP,Compra de mercaderia - Clientes,CC-002,DOC-002924,1201
2026-07-06,-1927056.0,CLP,Ajuste contable - Gastos de Venta,CC-004,DOC-002889,5103
2026-06-15,1741773.0,CLP,Nota de credito - Gastos Administrativos,CC-004,DOC-001643,5102
2026-02-26,-91175.0,USD,Provision mensual - Prestamos Bancarios,CC-008,DOC-001051,2201
2026-05-26,-24686.0,CLP,Compra de mercaderia - Capital,CC-004,DOC-000795,3101
2026-06-02,-2772967.0,CLP,Pago de servicios - Prestamos Bancarios,CC-001,DOC-002693,2201
2026-08-03,-1837651.0,CLP,Nota de credito - Prestamos Bancarios,CC-002,DOC-001597,2201
2026-07-29,1289609.0,CLP,Nota de credito - Proveedores,CC-005,DOC-002604,2101
2026-08-01,104607.0,CLP,Transferencia interna - Caja,CC-001,DOC-002729,1101
2026-05-25,1044335.0,USD,Pago a proveedor - Gastos Administrativos,CC-007,DOC-002625,5102
2026-08-05,1093303.0,CLP,Devolucion - Proveedores,CC-008,DOC-001819,2101
2026-06-17,1755483.0,CLP,Anticipo - Inventario,CC-007,DOC-001722,1301
2026-07-12,2594425.0,CLP,Anticipo - Costo de Ventas,CC-001,DOC-001183,5101
2026-05-29,802192.0,CLP,Ajuste contable - Caja,CC-006,DOC-002572,1101
2026-08-05,2935657.0,USD,Compra de mercaderia - Proveedores,CC-006,DOC-001059,2101
2026-07-13,2082107.0,CLP,Ajuste contable - Gastos Administrativos,CC-002,DOC-000540,5102
2026-07-13,-2183448.0,CLP,Regularizacion - Impuestos por Pagar,CC-006,DOC-001678,2102
2026-07-21,2823171.0,CLP,Compra de mercaderia - Inventario,CC-006,DOC-002796,1301
2026-06-11,-1686649.0,CLP,Nota de debito - Gastos de Venta,CC-008,DOC-002482,5103
2026-05-23,2241585.0,CLP,Compra de mercaderia - Inventario,CC-004,DOC-002532,1301
2026-08-06,970504.0,CLP,Pago de servicios - Gastos Administrativos,CC-001,DOC-001757,5102
2026-07-30,2992828.0,CLP,Anticipo - Inventario,CC-006,DOC-001923,1301
2026-05-13,2640921.0,CLP,Provision mensual - Proveedores,CC-002,DOC-000095,2101
2026-06-12,447492.0,CLP,Compra de mercaderia - Ventas,CC-007,DOC-001020,4101
2026-06-05,1571694.0,CLP,Cobro cliente - Gastos Administrativos,CC-007,DOC-000563,5102
2026-07-06,383787.0,CLP,Compra de mercaderia - Bancos,CC-006,DOC-002790,1102
2026-06-28,-2952295.0,CLP,Ajuste contable - Ventas,CC-008,DOC-000863,4101
2026-05-28,2418583.0,CLP,Nomina - Gastos Administrativos,CC-004,DOC-001484,5102
2026-07-26,2822384.0,CLP,Pago de servicios - Clientes,CC-006,DOC-001881,1201
2026-07-31,2470477.0,USD,Transferencia interna - Caja,CC-007,DOC-001038,1101
2026-08-02,992424.0,CLP,Nomina - Gastos Administrativos,CC-005,DOC-000206,5102
2026-06-18,-2131876.0,CLP,Ajuste contable - Prestamos Bancarios,CC-002,DOC-000392,2201
2026-06-22,2026476.0,CLP,Pago de servicios - Clientes,CC-008,DOC-002842,1201
2026-05-28,1176506.0,CLP,Nota de credito - Bancos,CC-004,DOC-000870,1102
2026-08-06,1351948.0,CLP,Transferencia interna - Proveedores,CC-002,DOC-000397,2101
2026-06-24,2899249.0,CLP,Devolucion - Inventario,CC-004,DOC-002814,1301
2026-05-31,1830458.0,CLP,Nomina - Caja,CC-006,DOC-002882,1101
2026-06-07,2799142.0,CLP,Anticipo - Bancos,CC-005,DOC-001028,1102
2026-07-24,-838946.0,CLP,Ajuste contable - Capital,CC-003,DOC-002690,3101
2026-06-01,1146334.0,CLP,Transferencia interna - Inventario,CC-002,DOC-001485,1301
2026-08-10,53751.0,CLP,Nomina - Inventario,CC-008,DOC-002660,1301
2026-07-04,1663831.0,CLP,Compra de mercaderia - Clientes,CC-005,DOC-000960,1201
2026-05-16,2628418.0,CLP,Ajuste contable - Clientes,CC-004,DOC-001570,1201
2026-04-13,-1103843.0,CLP,Pago de servicios - Capital,CC-007,DOC-002773,3101
2026-07-09,388955.0,CLP,Anticipo - Proveedores,CC-002,DOC-001895,2101
2026-06-15,1435114.0,CLP,Nota de credito - Bancos,CC-004,DOC-002731,1102
2026-06-02,-1123084.0,CLP,Cobro cliente - Capital,CC-003,DOC-002146,3101
2026-06-08,1561519.0,CLP,Transferencia interna - Clientes,CC-003,DOC-000804,1201
2026-07-16,535451.0,CLP,Nota de credito - Inventario,CC-008,DOC-001751,1301
2026-05-20,-394315.0,CLP,Nota de credito - Ventas,CC-002,DOC-002454,4101
2026-08-02,-265647.0,CLP,Regularizacion - Impuestos por Pagar,CC-006,DOC-000502,2102
2026-06-15,2602051.0,CLP,Pago de servicios - Inventario,CC-008,DOC-000779,1301
2026-04-07,-2612822.0,CLP,Pago de servicios - Gastos de Venta,CC-008,DOC-001863,5103
2026-07-02,-1387919.0,CLP,Pago de servicios - Impuestos por Pagar,CC-005,DOC-000200,2102
2026-07-15,2646010.0,CLP,Regularizacion - Ventas,CC-006,DOC-002182,4101
2026-05-21,-2012438.0,CLP,Nota de debito - Impuestos por Pagar,CC-005,DOC-002088,2102
2025-11-11,56278.0,CLP,Pago de servicios - Inventario,CC-006,DOC-002278,1301
2026-06-13,-1765803.0,CLP,Nomina - Gastos de Venta,CC-008,DOC-001796,5103
2026-07-02,1032485.0,CLP,Pago de servicios - Gastos de Venta,CC-008,DOC-000378,5103
2026-05-26,-1600879.0,CLP,Transferencia interna - Capital,CC-007,DOC-002336,3101
2026-07-14,-1886100.0,CLP,Nomina - Capital,CC-008,DOC-000418,3101
2025-12-18,-907892.0,CLP,Nota de debito - Capital,CC-004,DOC-001698,3101
2026-07-17,2446572.0,USD,Regularizacion - Caja,CC-008,DOC-000391,1101
2026-07-05,-2310404.0,CLP,Transferencia interna - Gastos de Venta,CC-002,DOC-002640,5103
2026-06-20,-115840.0,CLP,Regularizacion - Capital,CC-001,DOC-001522,3101
2026-06-19,1669593.0,CLP,Transferencia interna - Caja,CC-007,DOC-001162,1101
2026-06-02,2762180.0,CLP,Nomina - Caja,CC-001,DOC-001495,1101
2026-06-24,2924300.0,CLP,Transferencia interna - Bancos,CC-002,DOC-002695,1102
2026-06-25,2793172.0,CLP,Ajuste contable - Costo de Ventas,CC-008,DOC-002027,5101
2026-05-19,2356716.0,CLP,Nomina - Inventario,CC-008,DOC-001152,1301
2026-07-18,-1209194.0,CLP,Nomina - Impuestos por Pagar,CC-008,DOC-001367,2102
2026-05-25,1507999.0,CLP,Compra de mercaderia - Caja,CC-008,DOC-002568,1101
2026-05-16,-645036.0,CLP,Nota de debito - Capital,CC-003,DOC-000064,3101
2026-07-28,205384.0,CLP,Transferencia interna - Gastos Administrativos,CC-005,DOC-002062,5102
2026-08-06,1135298.0,CLP,Nota de credito - Bancos,CC-002,DOC-001180,1102
2026-05-22,1802646.0,CLP,Ajuste contable - Proveedores,CC-005,DOC-000492,2101
2026-05-13,1360079.0,CLP,Pago a proveedor - Bancos,CC-002,DOC-000379,1102
2026-05-27,1133659.0,CLP,Cobro cliente - Clientes,CC-002,DOC-002235,1201
2026-05-19,1162637.0,USD,Regularizacion - Caja,CC-002,DOC-000763,1101
2026-06-08,2966661.0,CLP,Devolucion - Costo de Ventas,CC-005,DOC-002264,5101
2026-07-19,2308625.0,CLP,Compra de mercaderia - Clientes,CC-005,DOC-000791,1201
2026-05-24,-563136.0,CLP,Cobro cliente - Prestamos Bancarios,CC-001,DOC-001076,2201
2026-06-23,-1168828.0,CLP,Compra de mercaderia - Proveedores,CC-003,DOC-000878,2101
2026-05-20,-2220084.0,CLP,Nota de credito - Capital,CC-006,DOC-000337,3101
2026-06-26,-1196662.0,CLP,Anticipo - Capital,CC-004,DOC-002767,3101
2026-07-19,-136836.0,CLP,Provision mensual - Impuestos por Pagar,CC-003,DOC-002343,2102
2026-07-01,-604231.0,CLP,Anticipo - Prestamos Bancarios,CC-008,DOC-001016,2201
2026-06-18,-2821154.0,USD,Pago de servicios - Capital,CC-007,DOC-001275,3101
2026-08-04,-2033164.0,CLP,Ajuste contable - Impuestos por Pagar,CC-001,DOC-000455,2102
2026-07-18,1787600.0,CLP,Nota de debito - Costo de Ventas,CC-005,DOC-000815,5101
2026-07-07,1760646.0,CLP,Anticipo - Proveedores,CC-006,DOC-002317,2101
2026-06-13,328570.0,CLP,Devolucion - Ventas,CC-003,DOC-000995,4101
2026-08-04,1605205.0,CLP,Compra de mercaderia - Gastos Administrativos,CC-007,DOC-001981,5102
2026-07-30,1846950.0,CLP,Transferencia interna - Bancos,CC-001,DOC-000201,1102
2026-05-20,1079228.0,CLP,Provision mensual - Gastos Administrativos,CC-002,DOC-000161,5102
2026-07-23,1688338.0,CLP,Devolucion - Gastos de Venta,CC-003,DOC-001579,
2026-07-13,1704821.0,CLP,Compra de mercaderia - Costo de Ventas,CC-007,DOC-002777,5101
2026-08-01,-1570898.0,CLP,Ajuste contable - Prestamos Bancarios,CC-002,DOC-002449,2201
2025-10-03,2394905.0,CLP,Regularizacion - Proveedores,CC-006,DOC-000702,2101
2026-06-25,2738594.0,CLP,Cobro cliente - Bancos,CC-008,DOC-001500,1102
2026-05-21,1273149.0,USD,Transferencia interna - Proveedores,CC-007,DOC-001129,2101
2026-05-26,2040172.0,CLP,Devolucion - Bancos,CC-008,DOC-002613,1102
2026-04-09,-1903613.0,CLP,Compra de mercaderia - Prestamos Bancarios,CC-005,DOC-001021,2201
2026-05-13,1642310.0,CLP,Compra de mercaderia - Clientes,CC-005,DOC-001585,1201
2026-07-06,1711412.0,USD,Nota de credito - Gastos Administrativos,CC-001,DOC-001955,5102
2026-07-18,-1256521.0,CLP,Nota de credito - Proveedores,CC-006,DOC-002253,2101
2025-10-24,-799283.0,CLP,Transferencia interna - Prestamos Bancarios,CC-005,DOC-000034,2201
2025-12-26,1818786.0,CLP,Anticipo - Clientes,CC-004,DOC-000775,1201
2026-06-29,-243724.0,CLP,Compra de mercaderia - Capital,CC-006,DOC-002556,3101
2026-08-09,1113918.0,CLP,Compra de mercaderia - Gastos Administrativos,CC-005,DOC-001478,5102
2026-07-26,127912.0,USD,Devolucion - Gastos Administrativos,CC-004,DOC-001390,5102
2026-06-22,-2328342.0,CLP,Ajuste contable - Capital,CC-007,DOC-002139,3101
2026-03-15,-1017186.0,CLP,Regularizacion - Prestamos Bancarios,CC-002,DOC-001363,2201
2026-07-08,-2936794.0,CLP,Pago a proveedor - Impuestos por Pagar,CC-002,DOC-002612,2102
2026-06-06,55578.0,CLP,Anticipo - Clientes,CC-005,DOC-002824,1201
2026-07-30,2591753.0,CLP,Pago a proveedor - Costo de Ventas,CC-006,DOC-002041,5101
2026-06-25,1089641.0,USD,Pago a proveedor - Inventario,CC-003,DOC-000241,1301
2026-05-25,2172569.0,CLP,Ajuste contable - Inventario,CC-008,DOC-002061,1301
2026-05-17,2002602.0,CLP,Pago a proveedor - Ventas,CC-004,DOC-002363,4101
2026-06-30,1147211.0,CLP,Cobro cliente - Caja,CC-007,DOC-000600,1101
2026-08-04,2179330.0,CLP,Pago a proveedor - Proveedores,CC-003,DOC-002435,2101
2026-05-18,-2610210.0,CLP,Devolucion - Capital,CC-004,DOC-001297,3101
,-184361.0,CLP,Pago de servicios - Gastos de Venta,CC-001,DOC-002214,5103
2025-09-09,-1830969.0,CLP,Pago de servicios - Prestamos Bancarios,CC-004,DOC-002888,2201
2026-05-29,2382485.0,USD,Pago de servicios - Proveedores,CC-004,DOC-002068,2101
2026-05-13,-1730482.0,CLP,Compra de mercaderia - Impuestos por Pagar,CC-008,DOC-000646,2102
2026-07-08,-2650541.0,CLP,Compra de mercaderia - Gastos de Venta,CC-002,DOC-001528,5103
2026-08-04,-463207.0,CLP,Cobro cliente - Prestamos Bancarios,CC-008,DOC-002879,2201
2026-06-01,2494507.0,USD,Provision mensual - Bancos,CC-002,DOC-001267,1102
2026-06-05,1733615.0,CLP,Nota de debito - Gastos Administrativos,CC-003,DOC-001899,5102
2026-05-12,2605655.0,CLP,Nota de credito - Gastos Administrativos,CC-004,DOC-000562,5102
2025-09-02,1378136.0,CLP,Ajuste contable - Caja,CC-006,DOC-002734,1101
2026-07-26,28151.0,CLP,Nomina - Proveedores,CC-004,DOC-000189,2101
2026-06-08,2271700.0,CLP,Transferencia interna - Inventario,CC-003,DOC-001806,1301
2026-08-07,2234658.0,CLP,Ajuste contable - Clientes,CC-003,DOC-000975,1201
2026-08-10,-2722456.0,CLP,Ajuste contable - Gastos de Venta,CC-004,DOC-002747,5103
2026-08-10,-243277.0,USD,Compra de mercaderia - Capital,CC-003,DOC-002047,3101
2025-10-01,549269.0,CLP,Regularizacion - Caja,CC-006,DOC-002558,1101
2026-08-05,254455.0,CLP,Compra de mercaderia - Clientes,CC-006,DOC-001082,1201
2026-05-24,608386.0,CLP,Nota de credito - Caja,CC-003,DOC-000474,1101
2026-01-16,-1796801.0,CLP,Anticipo - Gastos de Venta,CC-005,DOC-002904,5103
2026-05-25,-2786316.0,CLP,Pago a proveedor - Gastos de Venta,CC-005,DOC-000747,5103
2026-01-04,-2235916.0,CLP,Ajuste contable - Gastos de Venta,CC-004,DOC-002300,5103
2026-05-30,2841114.0,CLP,Transferencia interna - Inventario,CC-002,DOC-000021,1301
2026-04-08,597262.0,CLP,Nota de debito - Bancos,CC-003,DOC-000459,1102
2026-06-17,-2640415.0,CLP,Pago de servicios - Capital,CC-001,DOC-001184,3101
2026-05-24,-360743.0,CLP,Nota de debito - Impuestos por Pagar,CC-004,DOC-002324,2102
2026-06-14,-2623534.0,CLP,Nota de credito - Impuestos por Pagar,CC-008,DOC-000955,2102
2026-07-03,2236908.0,CLP,Compra de mercaderia - Gastos Administrativos,CC-004,DOC-001215,5102
2026-05-17,956679.0,CLP,Regularizacion - Inventario,CC-006,DOC-002433,1301
2026-07-27,-2648782.0,CLP,Pago de servicios - Capital,CC-003,DOC-002853,3101
2026-05-18,1118123.0,CLP,Pago de servicios - Inventario,CC-002,DOC-001515,1301
2026-08-03,1563168.0,CLP,Nomina - Inventario,CC-007,DOC-002391,1301
2026-02-22,-1282263.0,CLP,Anticipo - Prestamos Bancarios,CC-006,DOC-000769,2201
2026-07-18,-2634280.0,CLP,Compra de mercaderia - Capital,CC-008,DOC-001685,3101
2026-06-02,-1134744.0,USD,Provision mensual - Impuestos por Pagar,CC-004,DOC-000130,2102
2026-06-20,701611.0,CLP,Devolucion - Gastos Administrativos,CC-003,DOC-002919,5102
2026-07-29,35830.0,CLP,Devolucion - Inventario,CC-001,DOC-002135,1301
2026-05-14,2042444.0,CLP,Cobro cliente - Proveedores,CC-002,DOC-001482,2101
2026-07-17,2886422.0,CLP,Nota de debito - Caja,CC-008,DOC-000330,1101
2026-05-13,2180981.0,USD,Transferencia interna - Gastos Administrativos,CC-007,DOC-001238,5102
2026-06-09,-1035382.0,CLP,Pago de servicios - Capital,CC-007,DOC-000466,3101
2026-04-05,761344.0,USD,Regularizacion - Clientes,CC-007,DOC-002169,1201
2026-05-18,966363.0,CLP,Ajuste contable - Bancos,CC-008,DOC-001638,1102
2026-06-04,61964.0,CLP,Regularizacion - Inventario,CC-002,DOC-001095,1301
2026-03-07,1456869.0,CLP,Nota de credito - Clientes,CC-002,DOC-001130,1201
2026-06-25,-1996909.0,CLP,Pago a proveedor - Impuestos por Pagar,CC-006,DOC-001294,2102
2026-07-25,-1519260.0,CLP,Ajuste contable - Proveedores,CC-005,DOC-000860,2101
